attendance_percentage,avg_unit_marks,sir_term_test_avg,school_term_test_avg,homework_completion_rate,behavior_score,final_grade
82.45,62.23,72.95,91.51,65.32,71.49,B
98.69,80.35,50.61,69.94,60.73,68.01,B
78.63,26.73,25.5,45.63,49.74,79.71,W
61.38,36.75,89.31,53.03,71.35,53.63,S
66.83,67.22,36.98,66.27,57.99,70.62,C
65.97,100.0,59.73,34.73,86.45,56.69,C
78.13,25.81,33.44,62.33,84.77,77.57,S
73.27,58.98,30.43,42.16,60.79,90.86,S
80.15,29.74,66.48,49.53,56.46,84.18,S
90.46,83.63,43.22,51.2,76.63,89.63,C
67.81,61.29,37.87,31.68,86.25,95.34,S
73.92,85.07,67.23,43.81,77.23,98.07,C
74.46,96.29,20.0,76.08,71.74,70.51,C
76.38,25.25,55.61,65.86,99.56,67.23,S
62.87,54.96,78.31,65.23,59.4,82.7,C
76.46,84.37,45.96,50.79,62.16,53.05,C
79.44,70.22,60.1,52.84,41.69,68.69,C
69.86,48.95,56.77,66.89,100.0,77.62,C
78.86,63.51,21.62,57.42,71.2,100.0,S
72.11,71.03,59.31,32.29,92.86,86.28,C
86.87,46.81,88.06,27.16,81.74,100.0,C
60.14,53.67,61.99,46.92,38.99,76.03,S
59.07,74.47,41.61,92.1,54.33,70.17,C
87.2,40.38,64.55,86.76,37.85,77.77,C
78.9,80.64,35.26,28.95,80.44,79.45,S
78.76,71.93,46.4,63.11,75.86,64.28,C
100.0,74.48,36.17,72.44,50.51,86.81,C
92.38,48.59,79.27,67.08,86.44,100.0,B
71.32,49.93,42.21,40.05,68.46,80.12,S
79.15,81.54,60.26,89.98,64.71,100.0,B
84.39,47.86,38.58,68.61,65.53,85.71,C
82.1,63.54,43.06,24.67,61.07,87.85,S
78.21,40.09,63.46,66.48,52.32,77.31,C
75.87,42.14,67.16,70.34,91.66,90.81,C
54.33,46.24,70.3,69.3,80.3,100.0,C
83.56,87.71,79.08,72.33,63.69,86.38,B
63.41,60.26,50.29,59.8,100.0,46.99,C
85.29,32.75,50.56,81.96,71.29,58.83,C
64.27,78.59,45.39,62.76,70.91,65.23,C
100.0,77.68,20.0,62.1,56.76,87.79,C
63.11,62.71,70.1,77.05,45.99,69.98,C
67.88,51.93,95.31,66.91,44.78,88.77,C
100.0,85.65,29.61,47.35,95.34,64.38,C
81.66,80.49,41.46,56.69,10.0,59.63,S
71.21,40.04,92.65,26.54,61.2,76.96,S
96.62,36.28,83.26,58.23,50.37,81.93,C
77.99,53.0,61.4,49.52,72.27,84.93,C
98.79,40.24,100.0,20.0,66.96,83.82,C
79.21,52.55,55.84,47.15,58.21,87.74,S
80.36,51.14,77.99,64.76,86.26,84.44,C
62.57,53.8,74.95,71.43,69.58,76.76,C
94.16,53.17,70.94,53.55,65.65,91.48,C
87.38,81.27,86.11,58.46,83.64,70.35,B
79.86,62.4,61.94,71.09,53.64,100.0,C
59.91,40.72,83.16,75.42,82.48,84.43,C
74.82,47.05,61.52,43.1,89.5,72.79,S
62.62,58.57,68.26,45.6,53.56,78.66,S
78.67,54.86,50.58,63.11,41.04,53.89,S
64.22,60.73,66.22,90.46,87.15,72.6,B
74.71,44.95,59.63,51.65,76.45,62.59,S
82.79,95.65,57.82,66.84,83.8,68.98,B
78.36,65.25,61.95,40.99,70.49,82.47,C
96.77,84.19,100.0,41.12,87.45,77.75,B
100.0,48.83,43.21,44.81,27.52,67.11,S
63.61,68.01,66.84,99.28,89.01,66.35,B
61.52,74.84,33.6,98.29,93.59,67.96,B
49.3,92.08,57.71,85.23,38.11,66.01,B
75.08,65.94,51.0,71.7,48.65,72.86,C
76.8,75.29,74.23,33.26,39.32,94.17,C
79.98,50.03,91.02,60.54,93.59,76.01,B
100.0,100.0,55.02,79.37,82.91,95.53,A
60.53,78.72,81.17,20.0,46.33,44.41,S
70.96,79.35,90.05,59.63,100.0,54.3,B
49.45,63.89,67.68,57.28,28.65,73.66,S
55.43,78.39,67.33,37.32,59.72,59.11,S
74.06,84.1,40.29,69.09,59.39,63.11,C
73.39,44.3,48.93,31.65,100.0,75.53,S
64.5,69.28,57.75,53.14,82.28,86.36,C
67.04,53.48,54.5,20.0,39.7,95.5,W
99.67,60.02,71.53,64.85,100.0,91.79,B
73.08,45.89,27.87,62.48,54.87,53.67,S
65.3,43.37,93.74,77.4,69.84,97.2,B
76.16,47.77,90.46,69.86,49.26,72.14,C
61.87,37.34,78.52,100.0,42.03,83.44,C
65.24,55.26,48.15,38.99,70.97,62.54,S
79.06,64.0,55.22,38.03,58.46,86.33,S
82.51,45.45,61.99,74.53,36.61,83.15,C
65.06,76.41,44.73,20.0,37.45,75.72,S
78.9,46.91,72.77,21.45,68.68,56.83,S
65.22,65.95,42.79,49.54,90.13,66.35,S
87.54,42.41,70.6,89.71,20.57,63.05,C
83.66,60.94,67.42,44.71,71.73,72.66,C
92.52,70.09,66.75,48.94,60.25,68.51,C
80.92,56.58,65.8,100.0,87.42,70.11,B
93.02,56.84,20.0,35.82,32.58,69.73,W
75.28,98.53,66.54,53.18,86.59,41.83,B
78.53,80.42,30.43,83.16,76.77,68.77,C
84.49,100.0,63.64,63.46,60.81,62.25,B
87.46,47.88,61.43,47.49,79.58,80.0,C
90.56,54.8,54.6,36.47,61.11,80.66,S
86.35,46.56,77.39,87.82,78.27,100.0,B
63.39,40.11,24.43,90.91,83.09,74.17,S
79.2,42.49,100.0,60.84,72.19,85.89,C
82.22,69.48,44.19,68.37,100.0,95.18,B
98.9,54.78,40.21,55.23,71.11,91.41,C
49.61,95.59,56.84,48.61,49.76,50.18,C
87.35,66.47,34.2,29.51,63.28,100.0,S
71.11,34.94,55.09,52.0,16.06,74.19,W
71.54,78.92,96.98,82.78,64.62,58.4,B
100.0,66.18,60.28,57.47,73.96,72.83,C
66.4,54.06,59.34,46.04,55.74,76.6,S
71.18,95.08,20.0,82.01,94.92,43.9,B
69.86,57.57,31.85,40.89,47.79,100.0,S
89.04,90.43,74.43,33.16,59.51,82.34,C
56.67,79.26,55.19,49.75,84.22,81.66,C
69.59,88.19,38.38,71.55,81.86,70.36,C
79.89,39.98,78.48,53.93,59.55,90.74,C
64.43,36.83,28.87,71.33,44.39,100.0,S
43.77,98.93,64.22,55.87,59.1,80.99,C
74.44,87.07,62.28,61.31,62.73,74.15,B
79.62,30.8,33.04,74.35,73.42,72.24,S
75.28,71.95,49.2,40.88,73.92,60.32,S
81.12,30.95,80.58,68.4,75.12,89.74,C
99.98,85.29,23.18,29.85,57.5,75.39,S
82.76,50.49,63.74,41.38,57.77,53.9,S
61.15,37.97,40.48,81.18,51.01,100.0,S
82.4,68.7,42.83,73.41,58.49,76.83,C
100.0,63.08,82.99,42.53,69.3,100.0,C
65.6,100.0,74.16,45.63,82.65,89.59,B
84.33,33.6,45.46,52.55,68.51,84.31,S
77.67,38.29,67.6,71.43,81.2,91.21,C
87.51,74.18,58.6,21.46,78.59,78.12,C
79.07,39.47,38.38,81.17,69.21,85.22,C
75.42,65.6,78.77,46.65,71.92,68.07,C
68.48,58.82,64.44,47.47,95.12,61.58,C
72.2,56.21,88.94,62.32,90.64,52.72,C
79.01,82.79,61.65,81.44,59.65,96.14,B
100.0,57.74,51.09,89.97,100.0,67.16,B
68.7,59.36,33.11,37.79,49.92,63.48,W
74.48,69.68,91.01,36.04,89.69,71.79,C
74.26,78.5,37.55,66.41,73.33,82.39,C
79.34,100.0,47.25,46.32,57.54,66.67,C
65.44,88.78,88.41,45.44,53.35,82.07,B
66.72,77.66,64.06,24.65,100.0,100.0,C
65.81,57.25,65.72,65.36,83.17,100.0,C
72.35,49.03,32.41,41.92,69.34,100.0,S
67.24,69.48,59.67,84.14,100.0,67.04,B
67.66,85.88,73.64,98.63,81.68,69.61,A
83.86,87.17,76.41,69.16,91.33,92.54,A
95.73,77.97,56.66,61.23,94.13,62.75,B
80.53,57.13,60.57,86.13,73.82,75.7,B
54.6,79.93,72.91,100.0,63.84,78.29,B
78.74,96.55,58.09,64.14,82.16,77.8,B
68.3,68.88,81.47,35.42,72.66,64.5,C
92.93,34.54,48.82,66.3,100.0,74.01,C
66.67,100.0,31.04,20.0,78.8,67.47,S
59.68,79.17,64.88,45.59,44.39,88.09,C
84.75,63.02,96.93,34.46,39.49,64.62,C
74.32,69.87,55.18,65.75,44.97,96.66,C
73.77,87.35,66.85,68.05,81.4,81.72,B
84.64,91.58,63.93,73.6,68.21,96.6,B
64.85,100.0,59.2,26.52,72.56,64.78,C
87.61,51.95,51.08,20.0,60.95,38.64,W
51.24,80.21,75.72,67.36,50.66,74.28,C
74.95,41.83,90.07,77.3,65.58,75.4,C
78.13,24.17,55.06,43.0,49.97,70.78,W
100.0,77.82,48.58,70.6,97.99,88.87,B
75.89,52.06,73.96,66.66,87.9,84.53,C
90.74,54.3,86.35,62.35,100.0,64.66,B
100.0,68.96,46.97,47.35,63.59,81.36,C
82.84,53.53,59.51,100.0,100.0,81.54,B
75.57,67.4,72.27,35.5,64.85,49.97,C
80.99,77.94,50.34,92.63,45.48,53.03,B
78.37,85.94,93.68,47.9,91.57,74.42,B
72.41,82.67,73.05,23.32,99.53,95.7,C
65.62,72.92,69.88,63.73,58.99,64.93,C
74.62,88.45,70.87,49.85,85.43,32.27,B
92.23,30.21,52.75,33.37,44.11,92.41,W
67.98,71.93,59.06,68.49,71.54,55.76,C
89.94,55.12,28.87,48.58,100.0,87.75,S
69.77,58.01,53.57,100.0,77.64,81.45,B
90.45,69.78,54.82,53.68,68.57,74.44,C
85.91,66.04,74.65,56.22,71.57,45.03,C
88.74,71.93,79.96,20.0,100.0,72.91,C
91.62,44.2,72.26,34.82,57.52,100.0,S
72.14,69.35,77.4,68.91,73.01,80.47,B
100.0,63.85,64.02,81.11,92.11,92.81,B
84.58,42.14,92.67,32.78,76.05,63.69,C
74.04,71.58,66.43,67.28,100.0,81.8,B
71.34,84.28,83.79,30.99,81.95,85.52,C
70.54,92.51,57.0,60.76,66.54,75.23,B
58.56,36.2,91.89,39.37,50.17,42.7,S
65.42,38.54,92.84,80.22,56.24,100.0,C
89.73,58.5,20.0,100.0,42.21,50.32,C
90.34,100.0,87.69,70.41,81.9,87.8,A
86.38,70.62,62.08,56.62,54.92,70.79,C
49.61,63.03,40.23,33.72,73.6,95.88,S
88.77,33.59,40.21,78.7,50.35,71.63,S
83.25,45.63,62.11,28.65,57.97,79.8,S
51.11,73.81,59.61,70.15,74.48,95.46,C
76.88,56.41,62.45,69.95,70.98,75.61,C
64.47,51.74,31.95,96.49,45.12,64.61,C
64.22,82.9,54.1,85.45,56.53,79.18,B
62.47,100.0,36.25,64.82,82.68,81.21,B
72.22,62.4,60.88,54.77,89.28,100.0,C
66.64,37.6,58.23,100.0,53.93,99.59,C
100.0,53.93,71.38,93.82,62.42,71.95,B
66.27,44.7,47.01,31.07,70.68,63.45,W
78.51,33.88,66.62,76.34,30.13,80.61,S
93.42,40.81,93.45,67.22,55.9,74.16,C
83.37,66.52,70.78,37.75,73.39,53.79,C
73.33,46.92,45.29,85.19,91.83,84.14,C
58.62,58.67,84.26,61.12,100.0,80.9,C
77.88,58.82,62.67,54.65,84.16,89.35,C
63.21,38.38,23.28,69.18,47.93,42.71,W
80.83,100.0,59.88,76.45,71.64,73.52,B
88.79,59.19,65.35,65.08,56.64,89.88,C
72.38,49.89,70.73,38.23,70.56,74.86,S
91.29,74.49,59.5,75.99,97.8,83.37,B
75.16,38.76,38.7,51.29,57.81,72.2,S
75.85,75.59,58.59,68.7,71.29,45.37,C
60.91,62.12,35.81,71.2,100.0,93.28,C
71.8,94.81,62.97,50.58,57.73,70.46,C
69.18,68.41,63.21,58.07,78.74,92.86,C
89.24,35.3,20.0,78.56,42.66,71.63,S
57.45,28.96,70.83,74.7,58.47,36.13,S
66.81,72.84,30.42,62.03,69.69,83.69,C
76.79,45.54,83.93,54.51,69.45,61.0,C
68.35,47.3,56.54,95.66,42.56,50.8,C
97.07,60.81,46.62,80.88,57.89,100.0,B
85.17,55.24,100.0,44.67,84.84,79.49,B
94.53,96.23,60.64,41.42,79.2,64.83,B
100.0,67.73,52.69,62.06,43.06,60.43,C
93.01,51.86,39.06,69.81,93.71,85.78,C
89.94,49.86,31.56,91.03,63.55,71.24,C
94.92,76.12,69.12,100.0,57.13,88.92,A
75.86,70.37,90.57,69.17,80.77,91.09,B
69.53,48.22,39.1,20.0,100.0,58.45,W
71.68,59.46,66.15,75.95,87.21,66.25,C
72.49,70.65,55.03,93.36,79.82,86.02,B
84.94,88.47,63.62,29.47,77.99,65.23,C
67.07,76.73,84.77,58.47,76.18,100.0,B
78.61,100.0,71.31,20.0,85.07,80.72,C
94.35,78.46,57.23,31.07,65.82,62.24,C
66.29,76.77,93.4,66.68,46.08,81.67,B
92.95,52.8,57.32,58.32,54.3,84.72,C
73.19,73.39,42.25,48.38,84.45,69.41,C
100.0,57.01,64.49,78.52,41.63,48.59,C
52.12,90.25,48.96,100.0,58.72,77.77,B
98.13,100.0,100.0,84.58,90.48,83.89,A
86.68,53.98,43.64,57.93,66.6,68.2,S
85.45,84.11,61.77,90.51,47.17,72.1,B
64.25,27.67,58.35,55.32,100.0,84.46,S
59.64,100.0,84.42,70.81,65.47,60.61,B
69.42,86.77,97.69,91.95,60.22,58.21,A
77.11,29.63,66.46,54.75,60.68,51.08,S
82.7,54.35,36.6,20.0,69.45,100.0,S
99.92,55.86,47.96,68.31,50.03,79.53,C
86.49,89.54,58.0,53.52,52.44,62.6,C
71.6,72.35,78.27,40.33,99.85,70.93,C
74.68,50.06,20.0,77.45,84.74,70.78,S
76.0,75.32,28.75,46.36,85.89,56.19,S
79.4,37.87,69.33,57.22,37.7,92.47,S
63.98,48.79,64.01,83.27,49.68,75.93,C
81.43,78.86,63.53,49.93,53.45,76.29,C
58.92,20.0,68.73,77.89,22.74,59.85,S
84.29,100.0,60.42,41.98,66.34,95.62,B
65.31,49.02,50.35,37.03,72.45,99.37,S
79.85,59.95,54.16,23.61,87.66,73.83,S
72.29,100.0,65.98,41.46,61.47,92.23,B
76.7,36.23,78.38,43.3,100.0,91.2,C
68.29,90.62,61.36,76.76,79.69,62.3,B
65.35,85.6,53.3,49.12,50.9,81.35,C
100.0,43.65,60.48,89.07,68.41,81.79,B
59.06,73.57,56.26,79.69,93.75,100.0,B
83.69,71.52,63.89,50.23,76.77,70.57,C
77.53,91.35,39.87,83.08,96.34,73.23,B
43.17,52.84,85.94,57.5,50.01,67.43,S
87.61,75.93,55.22,49.93,62.16,61.16,C
99.23,58.55,84.34,91.47,89.97,68.53,A
81.06,64.52,41.93,65.14,46.42,92.82,C
68.03,69.02,65.67,52.3,81.73,67.88,C
88.07,38.08,62.53,100.0,49.99,64.83,C
82.71,68.59,67.01,68.76,82.69,91.65,B
81.15,60.17,73.45,99.8,67.35,60.38,B
91.61,62.59,20.0,76.64,59.29,73.64,C
79.98,68.81,74.19,48.42,80.26,71.11,C
86.08,77.31,41.29,81.89,59.28,87.12,B
80.51,100.0,55.53,50.32,69.61,70.45,B
87.0,32.67,38.93,34.51,89.01,100.0,S
73.43,61.62,61.4,83.56,51.45,78.58,C
89.63,75.02,63.79,80.02,15.94,85.17,B
65.19,28.39,70.22,88.22,67.25,89.29,C
99.18,91.3,92.8,74.33,71.51,50.97,A
71.31,48.14,100.0,54.13,72.46,83.27,C
75.65,98.9,47.55,62.28,55.15,55.2,C
65.82,64.26,51.41,42.77,41.87,73.75,S
52.43,80.2,61.65,25.93,63.82,63.72,S
79.79,91.81,22.5,60.53,66.8,85.07,C
78.2,49.96,53.62,40.49,91.52,75.32,S
100.0,63.79,45.83,24.7,33.94,51.24,S
79.01,75.17,28.38,77.69,60.34,77.2,C
99.18,82.94,54.63,38.39,26.96,64.21,C
71.83,45.26,57.37,59.69,65.5,65.25,S
77.53,73.84,38.19,89.04,68.03,75.28,B
85.62,69.66,79.06,64.32,57.75,80.42,B
57.84,67.17,59.34,53.42,67.43,46.77,S
66.77,66.86,63.2,35.39,95.31,62.01,C
89.54,73.54,47.08,97.06,46.13,88.79,B
90.01,51.59,87.85,52.5,75.77,78.9,C
72.99,81.22,75.87,20.0,96.09,50.06,C
90.49,87.53,38.18,48.96,47.89,71.78,C
70.38,80.59,86.21,88.71,58.76,71.86,B
49.75,48.88,79.3,93.54,45.31,66.11,C
74.6,70.6,43.81,67.33,60.52,74.78,C
83.19,65.13,51.27,55.59,68.23,69.45,C
71.12,96.97,71.22,51.5,83.94,69.99,B
92.6,72.39,57.85,67.85,38.58,58.1,C
57.09,67.86,94.65,100.0,82.76,82.51,A
47.98,54.15,44.24,44.34,66.64,67.92,S
45.31,79.96,38.55,63.26,100.0,61.21,C
37.05,59.28,82.02,100.0,45.41,82.45,B
68.02,62.88,100.0,24.93,75.07,82.02,C
91.29,66.96,66.16,49.38,75.38,69.85,C
84.32,57.61,67.54,57.36,92.52,74.23,C
48.4,90.24,41.89,43.62,58.09,95.62,S
42.96,100.0,81.12,62.91,68.9,79.28,B
82.82,77.9,71.11,59.97,66.05,72.73,B
72.08,87.68,71.87,20.0,83.12,77.92,C
74.72,57.23,82.48,78.85,54.54,81.11,B
60.43,37.41,47.47,76.97,89.06,82.7,C
85.88,75.32,47.17,67.5,86.01,86.31,B
92.83,79.17,67.03,81.54,69.47,61.77,B
72.55,50.1,46.5,54.82,54.15,70.38,S
46.6,69.27,60.02,40.02,83.18,89.06,S
50.89,49.75,44.62,37.32,86.59,72.09,S
71.03,24.92,72.71,30.74,71.2,79.16,S
95.41,38.82,20.0,62.04,100.0,93.58,S
78.14,55.17,76.14,36.58,79.53,82.58,C
90.9,100.0,67.85,46.8,69.49,48.46,B
64.58,56.81,49.52,61.35,53.55,91.82,S
75.0,64.81,53.44,61.41,86.5,61.99,C
65.13,58.93,33.08,39.98,60.48,88.12,S
78.94,68.87,77.02,54.98,77.81,73.45,C
78.98,53.34,20.0,55.05,98.45,88.89,S
89.48,89.72,61.77,62.34,57.65,70.26,B
84.24,89.08,57.21,48.1,70.01,84.02,C
53.34,20.0,48.99,31.14,59.84,72.78,W
68.2,94.05,66.53,64.61,82.44,57.92,B
90.59,63.48,73.41,34.42,38.92,87.27,C
80.65,46.96,42.61,82.76,46.21,99.64,C
61.49,77.77,53.43,71.27,59.12,72.56,C
75.61,44.96,74.82,46.71,65.43,60.08,S
36.56,61.18,100.0,75.26,69.61,71.06,B
75.34,75.94,36.38,82.52,84.31,85.77,B
81.58,65.39,73.46,71.02,62.92,66.4,B
76.53,95.98,35.22,25.71,73.3,75.76,C
77.6,69.88,55.54,90.78,37.98,62.57,C
73.45,32.14,56.48,94.55,70.42,78.46,C
56.1,52.67,52.5,51.01,95.63,83.37,S
58.33,69.93,69.96,83.08,100.0,59.77,B
62.84,39.85,55.32,68.26,89.75,73.86,C
70.2,68.04,43.3,100.0,37.85,77.77,C
100.0,65.14,56.2,50.14,66.39,95.59,C
41.82,95.67,31.52,52.13,61.42,83.83,S
51.03,74.24,100.0,28.01,73.79,65.07,C
81.39,65.38,47.17,68.73,100.0,72.14,C
85.8,39.13,40.87,68.39,99.68,80.33,C
70.3,64.99,34.99,71.3,87.65,68.22,C
67.95,70.32,51.27,56.55,100.0,71.29,C
69.62,52.05,74.88,54.01,57.01,94.82,C
96.29,52.99,22.67,80.17,56.31,86.86,C
45.45,82.85,35.78,74.08,70.29,60.69,C
68.89,78.73,62.12,70.86,100.0,51.54,B
99.26,67.09,42.02,28.73,66.22,88.82,S
73.09,95.22,30.98,57.73,44.95,80.45,C
88.3,56.58,20.0,62.38,78.73,81.06,S
93.54,43.58,73.6,84.24,34.43,79.79,C
67.44,63.37,66.95,47.28,56.49,75.51,C
58.69,43.28,73.59,32.73,83.33,81.94,S
49.11,51.45,83.88,36.41,60.71,81.93,S
86.75,59.97,48.05,89.29,100.0,89.68,B
76.28,48.83,43.39,69.5,78.37,96.02,C
84.76,34.94,81.04,36.04,62.32,78.75,S
100.0,100.0,72.13,53.97,80.69,88.31,A
70.19,100.0,64.6,68.95,83.32,81.32,B
87.58,52.65,48.83,33.8,78.79,86.68,S
81.87,98.49,59.89,72.71,48.17,69.19,B
85.43,81.98,54.12,56.42,39.64,69.64,C
88.36,76.5,70.01,59.1,70.14,65.1,B
85.48,73.42,69.84,46.43,26.93,91.46,C
67.82,47.74,73.87,49.38,91.2,84.26,C
85.25,37.68,84.24,63.75,62.61,77.15,C
48.36,73.17,39.41,28.24,39.55,91.69,W
65.56,95.67,49.28,20.44,47.67,93.54,S
72.66,54.03,63.2,69.04,92.35,96.73,C
69.6,38.48,51.73,63.73,50.72,60.64,S
80.16,64.03,60.66,41.31,65.39,61.14,C
88.35,85.7,23.08,37.55,40.07,65.25,S
73.75,36.01,41.56,35.91,74.15,76.04,W
64.17,68.54,49.07,52.02,100.0,95.11,C
55.51,81.59,76.23,32.74,86.38,98.07,C
58.16,46.65,80.35,63.97,81.03,80.11,C
80.86,38.47,80.95,83.73,65.41,74.35,C
52.03,75.29,71.44,56.63,92.49,69.99,C
83.47,44.61,59.53,54.16,74.51,69.46,C
73.03,81.52,51.26,22.66,100.0,95.72,C
55.62,78.79,49.94,63.8,75.88,71.48,C
63.24,51.19,41.68,39.7,68.66,64.26,S
85.23,94.74,48.4,63.27,79.99,82.08,B
76.14,79.85,69.64,30.77,87.38,88.31,C
63.55,65.76,73.67,53.4,91.46,100.0,C
63.21,37.38,66.08,73.87,65.38,96.8,C
54.92,78.86,47.88,95.83,100.0,63.5,B
66.76,82.19,52.26,57.0,70.51,46.2,C
74.79,51.21,50.14,89.76,44.87,87.2,C
70.82,59.4,75.81,65.48,81.41,89.52,C
70.03,52.76,38.3,39.84,100.0,93.67,S
54.73,38.55,69.64,70.04,80.98,71.18,C
73.12,71.56,61.72,20.0,65.4,62.23,S
77.63,100.0,67.35,51.1,88.44,82.24,B
81.3,77.14,100.0,33.12,79.47,61.1,B
83.33,46.63,51.65,51.51,89.52,88.78,C
56.31,66.1,45.81,30.31,65.66,70.37,S
100.0,73.66,32.45,45.57,90.43,100.0,C
51.21,27.4,97.42,66.57,52.63,83.02,C
35.46,65.07,66.56,78.33,49.72,76.29,C
61.12,70.11,42.09,49.02,50.08,84.77,S
87.88,60.31,60.76,26.13,64.01,74.25,S
100.0,42.76,89.28,79.93,75.61,100.0,B
80.58,72.78,58.94,84.92,91.93,65.61,B
55.21,60.94,44.0,56.6,94.75,68.14,S
74.36,66.16,76.97,20.0,57.87,78.17,S
93.0,55.16,22.47,71.63,57.29,57.16,S
65.63,61.31,47.91,20.0,87.94,94.12,S
84.77,42.25,55.97,57.86,81.98,85.03,C
63.99,66.64,69.15,90.03,84.09,86.84,B
76.26,93.21,68.2,39.06,98.07,85.47,B
68.35,55.41,65.93,68.19,73.95,79.67,C
100.0,86.43,63.81,78.71,49.35,80.97,B
100.0,60.64,43.05,43.65,48.21,63.23,S
69.44,36.89,60.31,77.85,51.84,97.79,C
82.66,85.61,46.84,76.8,48.16,88.35,B
77.58,76.07,36.49,38.31,81.94,60.77,S
81.95,37.66,76.96,30.88,81.05,84.38,S
64.55,76.64,65.21,46.15,49.83,45.56,C
80.24,33.7,61.91,52.2,83.58,70.47,S
70.06,79.64,66.7,64.96,79.39,51.97,B
86.35,77.25,39.67,52.63,69.21,72.98,C
80.01,93.63,81.64,29.13,82.44,94.93,B
80.8,86.82,100.0,80.52,74.99,90.68,A
77.17,65.48,52.97,92.4,53.63,97.99,B
82.5,37.01,67.35,20.0,82.51,88.28,S
66.11,67.47,99.08,46.87,48.82,97.22,C
100.0,65.07,80.23,87.51,55.15,67.72,B
93.46,98.7,71.26,38.64,100.0,67.04,B
69.97,71.85,91.08,76.79,78.3,81.95,B
75.65,76.16,20.0,51.47,74.83,57.73,S
80.79,60.91,95.11,92.61,60.68,72.74,B
73.89,55.97,63.9,41.32,47.39,84.34,S
84.44,48.91,77.91,44.11,75.06,87.31,C
74.5,74.09,49.67,53.68,65.88,63.8,C
72.35,34.03,50.18,51.73,64.88,71.38,S
74.07,74.59,77.49,43.71,45.94,59.37,C
67.69,57.96,44.6,29.49,60.88,77.72,S
83.93,53.85,51.74,37.61,69.37,62.27,S
83.6,29.28,52.81,64.62,73.68,100.0,S
80.25,44.92,58.09,20.0,68.39,62.5,W
88.73,54.01,57.66,44.02,100.0,70.18,C
100.0,81.28,69.64,66.11,77.88,46.08,B
70.82,81.9,59.02,27.09,68.95,100.0,C
93.7,63.76,79.03,49.94,35.92,61.13,C
98.44,59.52,55.13,51.4,100.0,99.39,C
100.0,61.82,65.91,24.63,99.54,57.48,C
78.25,43.05,48.22,39.58,57.84,66.91,S
66.78,81.67,37.9,62.85,94.36,67.3,C
64.23,60.39,83.59,62.27,59.38,82.26,C
58.47,78.63,68.17,51.23,53.23,61.7,C
83.02,89.58,47.25,68.08,28.26,66.23,C
74.53,46.81,41.27,43.31,75.84,72.19,S
41.43,22.59,47.86,68.07,15.05,67.5,W
67.11,92.77,52.3,66.43,72.83,43.04,C
86.52,69.31,70.17,100.0,28.32,100.0,B
70.69,70.75,59.09,48.67,58.6,79.94,C
52.24,80.01,51.68,33.14,61.0,93.86,S
66.97,72.17,45.38,74.67,83.71,100.0,C
72.37,78.37,61.96,86.51,55.62,86.18,B
72.08,63.72,61.84,63.55,67.68,78.22,C
98.67,84.71,77.38,47.98,52.22,89.33,B
88.14,94.45,47.92,52.95,37.21,69.11,C
89.95,55.67,72.81,53.81,76.48,57.78,C
76.28,20.0,56.26,22.13,94.12,86.66,W
82.0,95.42,41.02,96.44,88.64,71.45,A
92.03,42.87,43.51,44.61,59.42,59.15,S
93.35,59.82,67.05,45.45,33.59,79.05,C
46.32,63.63,32.63,100.0,88.23,76.59,C
93.96,48.07,70.87,62.4,75.28,94.09,C
85.99,70.77,26.9,36.88,67.55,76.4,S
58.05,100.0,90.33,71.25,71.44,71.82,A
60.72,66.55,65.16,30.68,76.68,72.67,S
46.38,47.79,51.73,99.53,81.13,54.97,C
82.29,34.05,81.65,47.64,68.13,94.89,C
55.69,37.06,48.33,80.84,39.61,32.52,S
68.23,76.03,84.01,47.81,61.77,92.31,C
46.95,57.23,63.81,67.88,59.8,75.52,C
37.68,51.84,69.07,36.39,71.18,81.7,S
69.86,68.41,40.75,53.45,82.2,77.35,C
66.2,69.48,74.29,20.0,93.18,69.96,S
81.38,88.94,32.57,42.39,64.23,63.24,C
100.0,47.86,48.89,62.5,45.96,69.06,C
79.76,58.34,58.13,46.35,39.71,79.82,S
100.0,65.37,64.51,73.24,44.61,100.0,B
78.03,97.64,45.34,98.0,85.5,83.3,A
78.51,60.03,84.01,61.09,30.66,58.24,C
72.21,71.2,58.87,84.82,30.98,77.15,C
47.73,80.19,58.11,67.23,52.72,94.19,C
90.63,76.67,57.41,70.76,55.86,87.83,B
99.74,86.41,45.41,65.95,44.14,83.59,B
81.76,27.6,36.76,51.77,63.98,56.86,W
80.83,70.03,56.11,41.37,90.97,99.83,C
67.75,52.76,69.82,50.12,67.21,86.09,C
46.36,91.37,61.45,48.95,68.22,74.44,C
49.03,94.9,60.83,67.75,89.03,59.68,B
82.1,59.65,76.94,20.0,68.02,65.96,S
81.48,74.4,45.85,42.33,67.79,61.55,C
87.63,57.62,20.0,49.75,49.23,50.53,S
56.44,67.19,86.57,64.89,57.87,81.84,C
68.11,51.11,36.91,20.0,62.2,77.37,W
73.55,56.68,41.09,71.38,43.66,86.64,S
59.97,49.95,30.66,46.97,89.51,82.73,S
89.68,75.44,37.93,50.72,54.4,94.96,C
57.05,82.87,77.86,98.25,61.81,85.68,B
100.0,52.65,29.3,20.0,84.25,46.75,W
69.42,73.75,63.7,67.36,74.45,94.18,B
60.72,51.46,44.55,76.26,88.01,81.77,C
92.75,41.44,93.34,91.51,84.71,100.0,B
50.15,54.51,45.29,73.87,49.0,86.36,S
95.56,78.9,65.68,36.27,53.06,93.74,C
86.69,64.22,51.64,20.0,48.58,100.0,S
55.79,68.79,80.15,30.39,73.69,89.07,C
75.19,100.0,26.63,81.29,66.54,86.58,B
81.62,50.34,64.58,20.0,82.06,79.47,S
84.58,86.16,67.35,61.26,52.38,64.32,B
92.8,93.73,55.24,59.01,51.91,92.59,B
84.98,100.0,42.43,49.68,74.63,84.7,B
71.76,47.54,77.63,73.86,51.67,95.33,C
92.55,67.69,61.59,70.19,52.77,75.45,C
42.71,82.53,28.77,91.08,63.4,71.82,C
65.58,59.24,88.37,20.0,95.54,80.07,C
56.89,43.49,93.53,37.2,46.93,92.06,S
80.08,46.24,64.33,35.43,92.02,90.92,S
82.98,72.23,95.22,57.99,46.36,81.74,B
100.0,44.7,52.77,67.16,68.92,60.27,C
91.83,100.0,63.92,38.11,39.02,78.87,C
91.56,74.5,59.95,45.04,48.16,87.52,C
88.71,34.09,91.8,70.63,97.99,54.87,B
54.51,62.02,70.06,97.52,84.12,71.36,B
59.6,89.6,40.71,93.83,64.31,98.86,B
85.18,62.26,49.61,50.5,78.57,76.16,C
66.09,61.69,61.57,20.0,79.16,60.3,S
57.7,31.25,24.12,28.18,55.82,100.0,W
67.11,68.56,68.01,60.88,68.45,57.07,C
96.76,100.0,26.35,35.47,64.4,60.53,C
82.59,50.43,100.0,84.19,74.25,90.4,B
91.59,53.72,43.68,59.72,87.23,77.09,C
51.35,48.94,58.52,56.34,100.0,54.21,S
82.58,94.78,100.0,49.1,79.83,83.55,A
77.93,63.02,68.72,20.0,83.64,76.89,S
71.66,100.0,46.5,49.13,100.0,62.52,B
66.75,62.06,76.81,62.57,44.15,67.02,C
65.89,63.46,68.52,67.2,34.48,90.96,C
78.79,92.69,68.88,82.23,79.33,95.19,A
82.83,63.04,100.0,77.56,81.47,55.86,B
55.68,70.85,62.91,44.49,72.82,98.83,C
85.43,42.18,57.77,40.29,62.25,68.8,S
67.84,39.9,57.45,45.67,11.41,100.0,W
91.33,57.47,60.38,32.22,100.0,100.0,C
77.35,85.47,63.51,28.59,61.76,76.98,C
68.18,60.63,58.17,56.22,71.05,59.09,C
64.24,39.31,79.56,20.0,93.07,95.8,S
70.47,20.0,52.77,56.59,49.79,67.27,W
97.95,78.3,41.51,22.85,63.46,71.8,S
82.44,54.29,70.23,100.0,86.31,74.28,B
72.25,57.87,83.61,44.2,70.9,75.77,C
67.47,37.55,66.46,56.66,80.0,67.0,S
93.31,47.46,94.24,20.0,78.7,82.13,C
63.07,73.49,85.59,20.0,80.05,37.6,S
60.52,97.58,48.36,32.17,66.04,100.0,C
47.52,43.97,89.95,98.87,67.93,56.41,B
100.0,96.89,73.58,40.13,69.02,72.59,B
79.96,94.02,77.59,34.3,97.53,79.7,B
85.31,94.33,37.77,57.21,59.37,51.48,C
80.2,100.0,23.2,57.29,82.81,76.85,C
73.3,39.02,64.66,41.35,26.2,92.92,S
89.38,66.03,64.58,81.63,74.49,88.56,B
70.54,91.24,66.42,62.27,44.6,79.3,B
62.52,52.23,43.69,34.54,100.0,94.97,S
100.0,40.54,61.43,29.54,56.09,61.23,S
93.59,57.08,81.37,71.29,100.0,52.81,B
93.89,87.93,40.53,80.16,76.72,71.59,B
62.64,50.62,100.0,58.02,85.64,63.14,C
63.3,86.64,33.01,48.87,70.68,76.67,C
72.31,72.92,73.86,74.16,50.28,70.74,B
92.92,82.89,32.54,65.73,30.44,75.7,C
100.0,46.04,43.31,74.81,39.14,65.51,C
83.95,52.31,55.28,74.37,78.43,79.0,C
69.91,72.4,57.53,68.07,60.06,72.26,C
60.15,64.3,43.78,33.49,75.17,78.19,S
86.74,56.38,68.16,70.12,78.9,62.62,C
77.24,72.28,60.14,20.0,73.21,100.0,S
69.6,50.44,67.47,64.87,93.85,56.13,C
85.97,76.81,57.16,65.45,90.59,88.08,B
57.85,81.4,58.71,59.6,71.46,72.75,C
92.88,63.33,37.61,49.34,73.57,93.44,C
84.05,47.99,100.0,63.83,95.51,72.72,B
83.0,81.79,84.36,81.26,87.44,70.27,A
66.42,71.65,78.66,53.1,91.3,96.79,B
61.26,48.26,57.19,64.77,59.51,95.28,S
81.36,65.79,31.28,29.05,75.62,43.01,S
90.19,61.84,100.0,100.0,66.37,73.4,A
89.93,99.06,27.24,20.0,57.56,83.74,S
82.45,86.4,36.01,20.0,87.16,62.58,S
44.72,67.9,75.86,55.31,60.84,72.61,C
69.44,38.04,45.71,69.47,76.43,77.52,S
60.07,61.37,20.0,61.93,98.58,52.89,S
66.21,71.58,85.06,48.14,56.15,45.47,C
76.55,100.0,65.55,57.51,76.44,74.83,B
62.8,81.47,64.52,58.39,50.49,94.55,C
84.97,53.94,80.04,47.05,54.36,63.6,C
48.43,74.43,23.38,30.97,28.49,73.71,W
72.75,58.47,39.15,32.21,79.29,66.74,S
79.75,47.3,63.62,86.67,81.72,68.81,C
78.86,60.19,60.16,50.84,66.71,78.18,C
60.1,44.68,32.23,22.79,45.65,77.39,W
61.61,75.27,60.69,20.0,83.1,87.16,S
60.09,73.4,42.87,60.15,44.71,48.1,S
69.26,62.53,52.05,31.95,62.0,79.04,S
74.33,68.65,46.6,83.78,46.48,82.31,C
92.73,74.62,55.95,46.38,90.72,53.66,C
60.45,57.05,84.75,66.35,50.64,70.35,C
65.79,50.8,79.58,27.82,100.0,87.42,S
91.36,55.74,57.0,26.47,59.51,82.4,S
94.44,42.86,52.69,54.67,42.08,83.87,S
64.14,61.09,50.96,40.63,69.86,71.77,S
69.42,50.43,66.39,94.38,72.8,89.94,B
54.15,68.16,38.05,25.51,55.21,92.88,W
89.25,69.86,29.35,53.68,76.03,77.63,C
47.34,47.19,58.72,69.8,26.08,72.57,S
77.15,81.99,73.86,70.82,54.0,46.38,B
69.1,85.03,87.87,73.63,78.59,80.69,B
66.66,62.4,93.38,37.26,100.0,70.17,C
94.88,36.86,71.72,41.79,41.69,78.28,S
90.14,48.1,30.02,55.98,68.25,83.22,S
89.24,63.81,97.11,62.93,63.07,50.83,B
71.06,58.27,79.21,68.17,46.41,77.58,C
85.07,95.56,77.75,74.74,71.2,80.82,A
93.74,38.34,53.01,41.0,77.58,93.45,S
66.05,20.0,51.76,78.1,80.75,81.42,S
70.8,39.42,70.31,39.65,100.0,83.56,S
66.29,52.77,58.14,52.73,92.34,77.8,C
64.03,100.0,60.99,74.91,57.84,80.45,B
79.67,27.21,100.0,86.39,62.06,58.47,C
80.21,66.73,67.11,62.21,80.12,96.71,B
83.52,44.01,87.25,94.09,100.0,58.15,B
78.64,23.36,71.06,45.94,100.0,63.38,S
49.66,55.57,20.49,74.52,28.7,75.43,S
43.83,58.59,92.87,65.93,52.73,74.53,C
75.27,74.45,32.66,71.04,15.91,65.55,S
67.68,77.67,60.45,27.08,50.3,77.98,S
73.81,53.42,50.38,73.32,59.65,73.68,C
100.0,36.53,22.96,75.24,56.43,70.23,S
63.28,59.8,91.97,75.65,87.24,53.76,B
57.73,20.0,43.81,79.05,80.34,71.68,S
74.67,51.22,64.1,74.85,37.68,79.49,C
88.99,56.7,74.01,100.0,67.91,80.9,B
63.93,68.63,69.21,62.29,49.61,78.1,C
96.93,73.97,79.24,52.79,85.0,79.19,B
60.74,71.37,40.17,44.08,73.79,79.46,S
57.16,86.08,71.44,42.5,39.25,72.83,C
68.31,67.26,52.74,20.0,62.23,70.42,S
84.5,51.04,93.57,20.0,96.22,71.64,C
87.89,66.6,82.79,49.48,48.03,96.31,C
73.3,69.43,84.7,35.3,81.91,66.15,C
73.02,66.45,30.0,40.87,97.02,88.29,S
74.06,69.86,54.12,87.84,65.99,78.48,B
92.19,49.45,91.18,24.33,100.0,69.41,C
71.36,27.2,50.9,35.12,57.85,72.94,W
89.37,69.15,66.15,33.9,52.38,100.0,C
63.97,98.12,55.14,58.05,91.41,94.08,B
73.34,57.24,58.88,65.44,87.83,75.06,C
84.28,97.77,67.63,64.86,39.62,35.54,B
80.83,63.1,49.7,63.36,68.79,91.92,C
76.29,50.06,79.8,53.22,80.53,67.84,C
65.25,66.68,60.26,68.56,64.63,47.45,C
68.51,80.88,54.05,52.58,89.73,64.32,C
51.86,61.79,50.32,36.74,66.49,82.37,S
74.86,71.14,96.27,50.46,75.57,67.36,B
62.3,53.3,50.42,65.91,100.0,64.26,C
68.75,63.74,67.92,63.8,95.68,38.6,C
39.2,55.08,81.95,23.56,10.0,83.57,W
78.65,43.2,40.29,36.67,72.21,65.61,S
82.41,20.0,42.86,33.23,64.87,66.93,W
86.97,27.81,60.91,70.28,100.0,67.77,C
79.87,28.92,20.0,76.59,69.89,92.68,S
54.4,75.4,97.38,67.23,75.53,75.13,B
51.44,92.11,47.78,69.1,38.74,57.31,C
96.53,58.05,89.07,56.28,33.16,88.38,C
66.15,78.97,60.5,24.05,73.29,100.0,C
82.39,63.85,81.51,62.63,74.19,58.63,B
78.51,85.71,43.28,89.34,68.17,61.68,B
89.96,59.26,75.19,51.58,68.8,82.4,C
79.36,25.09,37.58,78.45,67.36,67.14,S
54.62,43.41,20.0,55.77,58.03,60.5,W
73.98,72.28,100.0,24.74,93.19,89.6,C
63.31,69.06,50.85,62.09,100.0,84.08,C
82.63,56.39,30.32,53.41,94.13,52.09,S
59.17,67.53,40.31,40.56,61.53,54.52,S
60.39,79.07,33.85,22.85,57.4,85.98,S
72.05,55.71,60.89,20.0,79.89,80.75,S
68.86,85.12,37.45,82.81,73.09,69.95,B
74.7,62.85,84.41,34.31,54.75,90.54,C
66.07,83.01,93.99,49.16,83.63,57.69,B
86.32,68.99,69.46,43.8,36.78,82.55,C
44.05,58.65,78.82,62.22,100.0,90.38,C
65.19,65.55,59.05,23.19,51.19,66.59,S
44.46,65.95,55.02,21.2,78.08,85.74,S
78.41,58.52,71.83,72.96,76.15,62.63,C
79.15,88.91,48.07,100.0,59.49,75.49,B
64.91,69.47,25.16,45.99,48.16,77.03,S
89.92,77.92,20.0,100.0,75.91,63.35,B
77.36,68.52,46.66,62.35,57.85,68.93,C
64.71,36.35,62.92,70.88,80.3,87.3,C
79.87,54.35,76.79,28.13,51.99,60.54,S
91.2,83.86,69.75,81.58,52.41,80.23,B
73.12,81.94,57.7,49.53,80.82,88.14,C
64.97,63.78,38.83,20.0,74.01,84.13,S
78.93,26.01,52.98,20.0,97.39,58.71,W
93.83,83.92,41.99,33.08,77.01,62.34,C
76.54,55.34,24.38,20.0,74.53,66.58,W
66.7,78.92,83.47,52.0,63.19,82.5,C
54.65,69.46,71.04,72.97,31.26,63.58,C
61.83,67.0,69.61,90.93,60.1,67.54,B
92.25,70.93,85.35,64.35,46.86,55.0,B
51.73,78.24,83.77,98.69,86.86,92.44,A
66.3,41.87,77.0,67.19,72.15,80.81,C
79.85,90.68,85.9,69.97,86.92,82.71,A
68.08,80.13,32.11,81.19,46.11,79.29,C
62.32,76.07,59.32,22.92,78.41,66.33,S
88.22,65.03,67.91,36.93,58.21,68.12,C
87.85,98.55,43.9,81.69,26.61,57.09,B
60.62,37.95,28.33,67.09,65.72,80.69,S
85.36,70.31,73.16,56.47,46.26,90.87,C
66.16,46.29,56.44,37.92,61.65,80.16,S
80.23,47.04,50.25,81.64,79.93,100.0,C
92.7,87.89,32.24,74.8,68.94,66.74,B
77.52,83.9,70.02,38.67,84.85,65.44,C
78.25,58.93,55.62,74.86,49.2,100.0,C
47.68,53.05,67.4,70.85,67.99,74.14,C
81.16,60.38,87.86,76.47,87.46,60.51,B
73.81,58.99,39.89,65.92,59.25,84.83,C
58.95,99.38,42.07,62.82,85.84,66.44,C
87.79,40.42,89.04,58.31,58.07,70.51,C
87.13,53.31,45.01,53.13,46.46,100.0,S
66.5,81.63,64.19,36.34,69.88,86.76,C
72.18,88.86,80.43,78.22,60.81,58.8,B
65.8,68.92,70.92,20.0,69.84,77.37,S
70.84,90.83,68.44,86.82,65.68,89.06,B
99.53,91.23,38.16,52.42,63.1,82.34,C
85.3,48.22,61.36,20.0,98.84,67.31,S
75.84,58.81,82.92,20.0,69.67,73.41,S
68.2,99.52,42.25,74.98,77.13,93.92,B
64.99,50.34,81.92,67.36,39.1,66.91,C
80.8,81.76,46.42,20.0,80.46,56.7,S
44.74,20.0,76.28,60.83,65.49,95.84,S
84.56,97.33,32.15,57.24,37.67,71.56,C
71.27,77.53,60.91,71.71,84.07,100.0,B
70.27,46.18,64.92,40.35,99.64,70.75,S
66.52,55.57,74.37,54.53,57.17,99.98,C
62.16,65.71,73.05,22.11,79.61,59.17,S
87.34,45.75,73.86,82.33,87.23,78.77,B
71.53,53.47,89.42,42.61,49.26,84.98,C
63.06,46.0,31.13,47.38,68.35,78.65,W
89.27,75.54,56.18,53.64,80.2,94.09,C
76.89,55.62,40.14,26.21,83.33,83.67,S
83.66,62.43,88.14,47.35,89.11,74.42,B
65.87,76.85,68.19,65.85,71.63,74.43,B
100.0,88.69,74.46,60.46,90.14,82.77,A
75.39,58.93,58.38,20.0,74.21,67.67,S
98.89,65.39,36.22,56.9,49.08,82.1,C
79.36,84.16,44.18,58.75,42.7,85.52,C
82.78,74.92,60.03,67.13,100.0,70.72,B
77.08,43.28,42.63,60.15,92.08,71.16,S
71.46,56.86,49.3,64.49,40.05,94.21,S
65.02,79.44,34.6,72.71,83.44,80.76,C
60.08,69.99,36.34,52.44,90.59,86.95,C
75.23,45.5,72.91,58.43,23.59,86.74,S
74.64,89.05,38.09,20.0,75.58,79.37,S
49.64,45.43,100.0,51.28,84.62,65.24,C
43.65,61.59,54.69,49.2,67.71,78.96,S
72.75,39.72,69.72,20.0,28.99,86.09,W
82.61,63.85,32.09,42.43,64.75,51.06,S
63.91,78.05,88.55,48.77,85.13,46.29,C
84.89,48.92,66.15,52.55,96.41,61.88,C
84.41,59.41,56.83,53.96,53.09,74.79,C
74.06,69.82,61.69,75.56,88.47,59.24,B
88.03,41.27,71.76,71.63,31.77,76.39,C
67.97,49.82,87.02,43.62,53.87,76.14,C
85.28,62.17,83.33,69.68,26.44,67.06,C
66.57,74.59,20.0,100.0,80.62,77.23,C
92.72,100.0,77.41,78.87,72.61,72.88,A
67.86,48.48,46.26,28.29,68.48,49.73,W
77.86,64.27,62.94,46.51,100.0,95.4,C
56.33,69.66,47.84,35.68,43.2,81.48,S
64.78,84.36,79.88,88.23,52.95,82.13,B
84.49,55.52,44.56,93.41,74.55,84.54,B
62.67,40.61,48.61,55.27,48.72,74.85,S
49.67,42.6,73.42,71.28,62.16,59.73,S
59.59,57.53,72.89,78.42,60.07,57.7,C
79.02,48.53,49.63,87.16,86.54,77.37,C
55.92,69.23,81.25,49.74,97.02,94.39,C
99.96,71.1,71.75,89.11,78.95,67.48,A
68.27,69.77,34.19,54.85,91.93,42.13,S
98.02,87.45,50.8,69.95,70.06,93.45,B
89.74,37.0,71.75,53.48,71.66,64.08,C
100.0,85.8,45.2,28.64,62.29,81.52,C
78.6,90.06,75.8,79.33,76.54,54.16,B
72.06,86.2,58.97,69.07,63.63,59.55,B
73.15,71.18,46.89,52.81,51.21,91.79,C
70.58,94.06,90.57,56.22,49.83,43.71,B
52.92,37.52,87.57,60.55,77.79,41.69,S
57.03,82.74,65.74,54.76,81.3,99.54,C
71.68,66.39,63.85,100.0,28.01,85.25,B
73.28,76.34,46.85,56.92,84.23,100.0,C
87.12,48.04,51.52,48.02,34.09,70.05,S
85.99,39.52,80.97,68.73,55.32,72.88,C
98.97,79.67,60.18,52.77,71.53,67.32,B
43.43,100.0,63.11,66.76,68.84,63.97,B
72.21,33.01,100.0,30.84,49.36,68.4,S
94.32,65.29,35.28,85.6,84.62,83.08,B
85.74,100.0,100.0,42.89,100.0,80.75,A
82.49,31.15,56.59,40.12,86.56,91.07,S
43.88,64.56,82.44,53.89,84.58,80.27,C
80.12,59.57,35.67,33.33,84.19,75.29,S
72.92,56.52,53.9,81.03,63.3,54.88,C
86.15,60.9,60.63,93.37,69.59,79.34,B
57.32,60.61,72.19,23.78,74.02,76.51,S
75.62,85.74,66.69,90.52,50.13,77.04,B
76.27,43.61,79.13,100.0,69.66,82.58,B
76.27,50.73,23.58,42.47,42.16,100.0,W
73.27,58.08,77.78,33.32,54.66,76.02,S
90.43,75.03,64.97,59.72,78.0,78.02,B
59.55,65.92,38.53,59.78,60.39,100.0,S
74.4,36.92,57.32,69.43,100.0,66.16,C
51.26,81.34,32.39,48.4,64.85,73.96,S
85.34,51.33,54.53,57.69,72.99,76.47,C
81.54,81.88,67.85,67.98,38.36,75.75,B
82.19,79.58,46.15,43.5,58.52,83.05,C
90.51,56.85,78.16,60.72,67.51,71.83,C
86.2,71.51,100.0,39.25,80.36,67.06,B
61.96,64.78,62.75,100.0,66.32,58.05,B
79.1,23.51,58.16,58.35,85.89,89.6,S
67.45,61.99,44.68,33.18,76.2,55.9,S
68.78,45.1,70.99,97.63,43.97,47.2,C
73.13,65.31,64.37,48.18,65.99,80.51,C
90.61,25.9,52.62,62.7,51.64,100.0,S
65.47,64.17,71.12,44.99,33.07,68.57,S
90.44,58.26,43.07,78.36,63.38,67.35,C
77.24,80.42,100.0,76.2,93.2,67.41,A
59.61,66.25,62.14,34.27,66.49,80.99,S
80.41,75.09,65.82,46.85,59.72,57.02,C
100.0,65.27,55.5,37.57,100.0,58.9,C
68.57,73.32,72.0,79.07,100.0,82.59,B
59.16,59.86,66.16,100.0,42.04,93.04,B
77.7,81.76,57.96,39.47,85.02,84.82,C
89.58,64.73,48.0,23.71,86.39,81.36,S
60.51,54.23,50.66,25.37,53.65,57.99,W
68.81,50.23,27.46,100.0,95.05,63.31,C
79.09,73.35,83.82,39.99,91.84,66.78,C
54.96,79.48,85.82,100.0,46.01,85.48,B
68.85,80.67,30.59,30.22,54.48,76.18,S
65.38,78.18,80.54,71.19,100.0,81.24,B
56.75,92.27,47.9,78.03,100.0,81.85,B
52.56,46.64,86.45,54.28,71.59,86.38,C
85.44,70.58,55.83,51.12,87.16,83.3,C
71.14,86.64,57.42,39.26,54.82,60.32,C
70.91,89.67,43.9,62.15,56.87,71.1,C
52.35,60.59,56.13,69.89,74.47,57.02,C
91.26,69.21,63.97,57.8,59.64,78.27,C
82.13,30.06,49.22,52.39,75.12,92.9,S
63.42,55.04,49.75,40.37,63.06,86.56,S
59.19,73.56,25.96,45.65,63.41,100.0,S
70.88,20.98,20.02,58.75,82.28,80.63,W
77.51,88.25,49.21,77.69,37.36,61.43,C
47.89,59.5,59.07,60.51,71.24,61.09,S
72.15,35.05,87.26,51.32,60.22,98.83,C
56.37,42.49,38.08,56.51,78.63,86.1,S
100.0,20.01,72.17,45.74,58.27,65.7,S
61.37,98.69,76.85,58.51,97.02,52.31,B
55.04,21.44,46.01,61.56,72.06,77.24,W
53.83,81.06,64.79,74.13,32.14,79.67,C
57.18,57.05,70.69,60.0,52.97,75.09,C
52.03,88.01,55.89,82.61,59.47,67.15,B
63.54,82.52,45.81,72.18,62.35,45.36,C
66.45,41.42,60.68,31.81,88.52,73.63,S
72.34,78.12,79.28,57.56,54.58,48.39,C
64.71,52.66,62.14,50.41,83.76,65.81,S
74.14,88.68,66.84,56.68,57.96,65.5,C
62.24,54.18,75.11,53.12,43.0,100.0,C
79.8,36.86,51.16,60.44,100.0,58.38,S
89.64,92.99,47.43,51.89,49.27,71.95,C
74.45,78.19,81.8,41.54,30.65,74.68,C
79.4,69.99,53.47,60.74,100.0,80.73,C
69.4,55.0,56.6,94.01,66.33,74.7,C
67.77,86.98,99.2,67.91,71.66,75.55,B
39.24,79.9,62.68,67.42,55.77,69.23,C
68.83,85.43,52.42,100.0,78.62,55.86,B
73.07,51.97,20.0,93.19,84.06,83.0,C
77.48,37.36,50.33,76.52,48.98,37.02,S
71.59,62.16,62.71,74.03,82.75,78.88,C
92.93,34.62,70.09,71.78,45.21,52.46,C
63.81,51.77,75.07,44.48,52.87,65.83,S
91.78,65.26,56.41,55.58,95.84,63.76,C
94.73,69.21,56.79,100.0,48.89,69.69,B
56.51,84.05,93.78,94.74,94.48,72.04,A
69.52,31.58,100.0,68.32,60.16,94.92,C
60.41,73.13,56.55,72.05,68.73,53.24,C
76.13,85.98,59.42,75.05,49.09,74.61,B
65.63,79.94,60.63,73.18,91.75,85.37,B
79.1,45.04,59.94,46.27,63.12,69.38,S
60.3,25.85,46.64,62.25,43.04,75.24,W
100.0,85.46,92.87,66.6,93.35,64.14,A
65.33,20.0,83.72,91.89,58.94,71.19,C
63.69,72.65,82.5,20.0,78.19,70.85,C
76.7,74.18,56.24,55.72,65.72,89.55,C
81.28,69.41,34.58,49.67,87.97,75.57,C
84.89,100.0,80.77,60.05,59.78,36.7,B
72.47,58.48,67.81,54.61,63.59,48.31,C
60.9,74.53,94.32,55.85,76.56,89.29,B
62.84,72.34,45.19,77.03,73.03,79.48,C
63.26,79.14,100.0,35.83,63.2,78.47,C
86.8,53.81,20.0,87.9,85.21,48.86,C
65.89,96.36,88.96,78.65,66.48,76.24,A
73.04,87.56,42.48,40.27,90.21,74.33,C
95.68,51.57,58.9,37.71,70.15,52.82,S
67.69,36.27,73.88,73.76,35.39,95.01,C
100.0,65.92,47.18,100.0,43.62,75.3,B
77.69,91.9,67.19,47.03,50.98,69.87,C
59.9,65.96,48.72,25.13,95.1,67.53,S
55.98,61.63,61.37,20.0,76.63,59.29,S
100.0,75.48,52.0,41.61,67.9,84.19,C
74.62,60.66,61.17,44.72,63.14,43.71,S
89.61,70.98,44.53,99.77,71.74,59.46,B
87.85,72.96,67.89,48.63,79.01,71.07,C
83.34,26.9,51.32,95.89,54.66,65.94,C
68.28,40.7,20.0,52.93,72.72,74.21,W
72.83,65.86,80.46,53.81,58.52,70.78,C
83.69,93.24,47.44,60.18,76.77,60.11,B
75.31,35.69,24.62,66.07,62.32,78.03,S
74.73,45.47,59.09,30.87,97.82,54.66,S
72.06,44.15,71.41,50.71,59.63,87.8,S
75.44,75.33,40.37,27.09,72.14,70.22,S
84.4,63.4,64.1,22.29,100.0,72.54,C
85.46,48.28,66.16,29.34,79.04,69.66,S
75.44,78.96,35.35,42.94,79.15,100.0,C
72.93,76.82,57.86,100.0,35.06,76.42,B
50.62,20.0,65.95,61.07,64.3,73.41,S
100.0,59.84,70.2,43.71,75.9,71.43,C
68.84,100.0,83.54,61.01,23.92,69.58,B
100.0,60.39,82.06,89.72,74.38,62.37,B
38.47,78.68,43.7,61.88,45.0,71.02,S
75.51,70.37,37.7,84.33,58.06,49.88,C
73.36,65.69,63.21,87.97,65.27,73.21,B
58.45,81.41,63.69,48.76,31.91,96.67,C
56.58,53.17,67.17,31.68,40.13,43.14,W
85.81,54.1,100.0,36.12,51.57,66.52,C
78.65,55.6,72.25,36.47,42.37,48.03,S
41.65,54.64,53.98,44.11,94.87,93.42,S
69.98,29.12,48.67,44.8,56.86,64.53,W
65.2,57.27,47.29,62.58,77.21,61.34,S
94.07,45.4,27.64,66.38,53.65,79.82,S
38.94,92.85,73.45,24.99,40.42,100.0,S
63.94,48.32,20.0,50.28,65.45,85.73,W
54.01,34.59,69.02,80.15,38.58,91.22,S
75.56,86.84,58.6,20.0,66.96,90.9,C
61.59,57.24,56.48,20.0,100.0,61.48,S
82.59,63.27,85.15,66.93,65.3,61.6,B
86.97,27.53,72.92,33.82,95.05,77.42,S
84.66,66.64,24.95,39.06,83.45,77.5,S
92.71,73.07,40.67,40.49,72.06,40.29,S
100.0,73.83,84.54,23.23,94.89,100.0,B
55.19,80.43,60.02,24.02,79.86,87.5,S
65.98,88.32,26.66,25.12,72.73,75.38,S
64.25,81.19,70.62,76.88,67.54,84.04,B
68.32,100.0,43.75,100.0,70.7,54.37,B
95.52,67.52,77.02,84.92,76.76,66.12,B
89.64,65.02,73.72,20.0,78.94,65.42,C
99.8,77.46,64.8,68.7,50.03,99.35,B
100.0,72.86,91.81,45.48,54.06,75.61,B
81.52,57.12,70.76,64.74,50.03,82.78,C
87.95,68.43,83.05,31.22,79.36,57.45,C
58.29,52.38,41.16,45.94,65.72,87.56,S
70.18,33.29,82.8,39.58,68.83,81.7,S
77.99,86.88,69.58,39.05,100.0,77.92,B
72.79,84.28,64.99,66.78,100.0,70.87,B
70.23,67.33,81.43,24.86,30.69,66.19,S
50.49,56.5,70.05,38.4,41.46,76.04,S
87.94,31.1,76.4,75.98,89.08,93.28,C
100.0,57.88,62.19,48.84,70.04,97.99,C
54.82,47.78,87.54,80.44,62.74,87.82,C
80.12,95.01,61.49,80.56,100.0,83.97,A
75.74,79.45,52.69,100.0,73.6,70.91,B
62.46,86.94,77.34,47.06,81.53,52.37,C
77.77,74.06,94.15,41.04,44.43,61.57,C
54.95,91.73,90.97,65.04,94.43,77.01,B
73.57,58.34,53.79,23.95,75.29,74.39,S
86.18,66.87,56.75,38.83,71.44,86.07,C
57.85,66.75,64.66,42.2,58.24,78.46,S
58.0,72.0,42.09,81.38,100.0,62.09,C
83.01,50.47,80.82,30.16,79.61,61.91,S
71.9,44.38,76.45,39.59,81.04,69.84,S
73.28,67.96,44.76,62.63,100.0,63.33,C
92.58,94.96,43.68,25.99,76.04,66.79,C
100.0,65.7,43.96,32.76,91.8,66.43,C
75.66,84.12,50.31,56.99,69.67,85.25,C
83.86,60.6,61.27,49.82,40.45,78.86,C
100.0,47.33,44.54,38.84,84.49,81.73,S
72.62,46.64,61.85,23.58,72.87,88.07,S
56.23,34.35,91.59,44.54,92.72,72.69,S
72.57,73.77,42.32,60.91,62.37,55.19,C
80.06,59.73,56.86,31.38,100.0,88.15,C
89.46,58.89,25.42,100.0,68.78,63.77,C
81.25,88.34,59.54,86.13,91.66,58.85,B
64.89,84.15,20.0,54.71,41.38,67.85,S
70.52,57.84,48.95,33.86,100.0,100.0,S
57.57,96.64,52.01,60.84,68.73,65.1,C
89.76,67.52,50.47,29.3,52.13,50.38,S
75.18,41.07,54.69,88.14,93.99,74.52,C
73.69,100.0,70.42,50.79,41.48,80.91,B
87.44,52.37,65.82,50.0,66.32,37.68,C
71.67,84.39,47.37,59.16,54.88,80.41,C
71.75,46.22,86.65,78.44,57.9,82.47,C
83.06,77.85,26.11,80.15,58.61,69.63,C
100.0,71.04,52.27,20.0,97.8,54.82,C
59.95,58.37,88.33,75.01,66.84,79.62,B
65.99,67.79,61.47,79.31,89.34,82.41,B
69.56,79.84,58.16,34.2,61.93,76.27,C
88.65,61.33,35.82,59.25,72.27,77.79,C
88.8,85.38,48.12,44.44,49.2,85.48,C
96.73,58.7,55.17,90.27,80.11,81.54,B
57.14,78.57,41.42,33.05,63.06,66.21,S
71.68,36.18,79.18,82.81,31.05,89.68,C
62.84,82.14,58.63,58.63,66.3,93.18,C
56.41,77.16,82.03,73.76,100.0,67.07,B
89.36,62.88,84.67,57.83,62.24,94.59,B
67.63,36.75,49.66,71.62,97.84,76.67,C
94.77,37.84,51.13,51.65,67.71,76.26,S
85.36,56.1,62.78,57.01,51.48,73.29,C
72.85,61.7,60.64,59.66,61.35,94.09,C
57.46,50.58,100.0,35.16,42.92,86.02,S
43.84,60.29,100.0,24.01,30.36,52.51,S
88.48,87.5,49.75,73.03,97.81,100.0,B
71.3,20.0,43.58,48.61,64.82,72.18,W
91.78,90.49,56.57,82.17,77.15,75.97,B
88.6,66.45,100.0,26.35,59.7,73.1,C
81.59,90.36,59.51,26.71,86.85,86.32,C
45.87,64.92,28.2,43.38,51.94,87.14,W
76.75,39.29,77.6,26.46,76.6,62.79,S
69.51,75.09,70.43,87.41,68.35,79.6,B
68.43,68.64,68.79,55.84,33.92,79.97,C
80.47,51.4,34.31,90.47,79.83,71.56,C
57.94,48.56,86.05,61.03,58.99,82.65,C
62.78,95.02,87.06,47.74,57.43,35.73,B
52.78,38.21,62.7,50.82,43.09,70.78,S
82.58,75.56,22.01,55.18,42.33,88.53,S
86.76,47.04,44.68,47.85,24.94,80.04,S
70.91,84.4,38.03,44.38,39.87,59.94,S
57.27,84.92,46.03,60.73,62.38,55.96,C
72.48,76.98,35.84,75.8,53.01,67.76,C
82.96,51.73,60.75,51.08,72.59,39.29,S
47.55,77.32,80.74,37.97,65.12,79.42,C
85.4,24.45,42.28,50.68,84.06,100.0,S
71.58,36.86,68.05,87.06,72.16,61.4,C
89.37,78.27,39.48,66.39,89.95,92.73,B
74.0,57.84,84.55,31.38,78.77,54.45,C
90.98,59.84,85.37,68.81,45.54,96.37,B
98.27,82.65,44.77,51.27,72.91,64.44,C
100.0,67.89,20.0,65.47,63.04,73.88,C
69.47,81.14,82.39,64.23,63.21,74.38,B
75.29,48.95,71.58,68.12,100.0,93.83,C
64.71,81.41,40.98,73.31,59.67,59.65,C
79.2,20.0,24.98,54.1,71.65,69.46,W
51.31,48.64,67.82,70.8,69.68,92.35,C
80.96,50.05,54.39,27.14,67.84,91.68,S
85.28,93.04,53.94,87.61,66.13,97.07,A
74.67,79.14,89.5,53.74,74.37,94.33,B
73.0,38.58,100.0,47.67,73.18,92.34,C
65.87,44.84,65.07,20.0,64.24,78.68,W
70.95,34.13,91.88,60.28,98.62,71.1,C
61.8,70.38,55.68,32.09,99.4,65.67,S
47.4,91.56,49.91,44.63,34.69,100.0,S
55.66,66.17,78.25,67.28,68.81,49.48,C
62.85,68.76,44.26,62.47,83.63,89.44,C
56.61,100.0,75.35,57.96,91.79,100.0,B
53.42,60.49,20.0,62.24,77.31,74.41,S
65.18,24.01,67.47,90.02,58.18,81.6,C
51.48,74.14,52.13,41.23,54.79,69.1,S
80.74,38.76,52.06,57.09,48.02,100.0,S
62.2,51.61,40.43,97.57,81.06,60.95,C
91.59,69.01,65.15,50.42,55.01,80.07,C
66.82,100.0,34.61,91.8,67.77,79.49,B
87.5,52.4,77.28,20.0,55.6,61.14,S
56.2,60.7,67.71,73.46,74.82,65.01,C
80.54,67.49,78.72,75.09,70.61,61.54,B
65.21,54.0,53.69,63.9,84.3,74.23,C
75.24,67.87,49.68,37.64,34.89,64.57,S
82.1,50.94,55.24,68.26,80.41,58.81,C
89.96,87.55,37.4,39.88,93.82,72.8,C
41.7,37.01,55.01,32.41,61.73,75.49,W
96.93,59.19,81.45,89.43,98.69,79.27,A
45.55,74.22,80.97,56.22,100.0,87.9,B
83.52,86.73,66.67,20.0,60.02,92.96,C
62.89,60.53,39.1,97.25,100.0,61.74,C
77.21,51.39,72.3,69.21,86.23,79.98,C
100.0,44.44,25.79,49.35,38.64,52.61,S
59.98,46.56,40.91,69.4,59.88,72.31,S
88.41,49.67,54.71,66.05,31.17,39.23,S
80.19,74.84,100.0,61.48,86.39,72.07,B
79.46,98.35,20.0,67.1,100.0,79.23,B
99.76,52.42,59.36,58.74,25.65,57.48,C
58.55,81.44,77.44,65.13,86.48,72.54,B
93.03,65.18,61.16,52.16,83.69,68.68,C
89.65,42.36,38.02,73.12,68.23,68.19,C
88.35,52.85,56.0,88.78,100.0,98.59,B
70.77,89.61,41.02,38.05,22.99,100.0,S
62.04,62.47,41.79,73.29,62.49,55.43,C
81.62,36.33,43.25,20.0,41.52,77.68,W
45.53,35.38,59.95,46.04,100.0,100.0,S
61.98,76.14,74.99,44.86,40.09,74.82,C
72.41,56.28,68.85,41.48,46.96,76.64,S
80.79,41.47,78.56,20.0,58.44,71.13,S
65.46,53.7,97.42,39.28,100.0,81.56,C
76.38,74.52,100.0,36.14,47.59,63.68,C
75.48,30.48,60.45,95.26,73.03,70.61,C
65.73,82.97,43.48,98.62,100.0,78.85,B
74.83,85.61,81.9,40.27,59.47,55.16,C
81.14,78.33,33.0,47.99,43.05,61.52,S
83.27,50.33,53.98,22.2,73.74,74.34,S
64.07,61.22,63.61,40.07,40.47,100.0,S
65.5,63.06,80.22,100.0,45.11,81.75,B
64.39,54.22,45.6,33.24,69.17,52.88,S
89.2,66.1,68.45,47.74,62.66,79.31,C
57.54,57.84,42.81,38.41,27.8,95.09,W
64.7,88.27,81.38,29.71,48.23,100.0,C
100.0,64.37,65.15,44.12,78.65,64.24,C
44.51,38.57,60.42,33.12,68.65,58.88,W
63.26,82.06,64.95,57.79,87.58,82.21,B
96.7,55.8,51.41,29.38,61.42,89.47,S
94.5,84.21,24.12,81.83,33.23,88.47,C
69.48,79.05,33.35,83.77,40.7,64.97,C
60.03,29.91,61.89,97.73,100.0,76.46,C
91.75,69.64,69.98,50.47,73.9,83.06,C
66.32,63.45,58.83,76.18,48.68,74.23,C
100.0,88.28,86.98,58.54,76.42,90.03,A
98.4,25.97,33.69,86.81,64.46,64.92,S
56.19,53.9,31.95,100.0,69.55,74.13,C
83.82,84.25,78.92,81.62,57.38,70.53,B
86.54,54.45,59.9,66.77,85.7,48.33,C
85.72,60.33,74.15,75.09,100.0,95.3,B
95.2,93.87,65.83,58.71,87.46,85.98,B
70.36,73.1,59.3,39.21,95.81,75.83,C
100.0,32.49,48.86,58.72,92.75,80.99,C
79.66,42.45,36.86,65.1,42.72,67.02,S
82.51,45.35,92.11,84.93,38.57,61.01,B
40.71,49.35,75.33,48.89,79.22,52.16,S
86.97,53.9,60.24,55.96,44.57,57.7,S
89.52,72.98,81.0,65.14,72.86,49.11,B
70.94,64.45,99.06,73.11,100.0,83.96,B
64.33,67.34,64.72,37.34,62.31,71.91,S
99.08,23.39,84.12,37.39,42.56,92.7,S
85.98,90.09,76.01,100.0,81.17,72.65,A
80.14,89.87,44.41,43.66,63.82,43.43,C
77.07,27.28,61.06,77.04,60.46,100.0,C
53.09,88.83,73.5,20.25,100.0,74.04,C
61.84,36.86,55.6,55.2,72.05,70.53,S
84.5,57.25,21.3,54.71,22.65,80.31,S
60.31,68.27,86.28,37.13,91.23,68.5,C
100.0,57.7,43.19,73.12,61.28,62.38,C
67.83,64.11,86.84,20.0,70.46,84.37,S
77.9,91.2,58.51,53.94,81.85,76.49,B
69.14,75.32,46.95,44.55,59.44,95.3,C
30.0,72.91,60.69,21.02,76.19,82.14,S
83.84,20.0,87.33,41.77,83.73,86.12,S
61.85,78.21,52.29,20.0,93.35,63.37,S
62.18,56.94,65.44,56.74,80.96,54.91,C
63.86,62.68,97.96,55.5,91.7,75.58,B
67.75,60.07,56.63,71.28,97.49,80.4,C
92.81,45.7,51.71,42.07,76.29,69.62,S
85.95,46.38,60.86,73.11,28.69,100.0,C
70.75,24.5,63.16,58.74,68.36,89.87,S
86.21,70.96,69.0,55.7,100.0,52.81,B
77.09,66.3,76.27,39.44,35.13,77.35,C
79.22,94.79,34.59,83.4,100.0,69.33,B
55.64,56.86,60.28,70.4,58.17,98.33,C
58.28,30.22,82.13,20.0,65.92,100.0,W
74.82,42.58,58.85,56.88,73.21,84.93,S
59.41,98.75,64.9,73.99,57.44,94.3,B
71.14,70.55,41.34,36.07,83.76,68.35,S
62.19,52.14,73.98,44.16,67.65,75.23,S
46.24,35.58,66.73,41.79,91.13,89.5,S
85.79,100.0,58.34,72.28,58.31,100.0,B
100.0,65.24,67.73,87.9,67.06,65.15,B
88.11,66.57,63.66,39.65,35.65,78.54,S
88.57,60.48,88.73,42.51,48.91,73.99,C
73.76,80.4,44.5,88.1,100.0,74.41,B
93.75,43.87,81.5,81.04,87.27,74.77,B
30.69,52.17,47.48,36.48,72.44,68.72,W
62.63,43.82,45.69,82.67,56.78,67.28,S
68.15,71.78,69.12,20.0,90.43,96.55,C
59.25,45.55,50.99,41.37,74.48,45.8,S
58.23,95.78,41.44,85.36,77.11,47.86,B
84.53,62.65,50.89,63.39,79.49,85.61,C
92.67,73.16,32.49,47.58,100.0,85.87,C
100.0,92.91,64.84,64.63,69.27,48.93,B
75.27,89.21,48.01,67.06,87.03,61.35,B
68.23,44.64,43.56,29.67,51.99,96.29,W
61.27,67.53,49.94,83.94,96.22,87.96,B
79.59,60.38,36.16,100.0,54.81,84.95,C
90.89,53.89,80.76,74.81,100.0,67.96,B
55.71,54.89,64.18,59.28,62.13,46.36,S
82.06,100.0,69.29,71.4,81.45,80.96,A
88.97,72.91,53.75,40.49,65.02,79.71,C
70.26,71.29,68.78,76.33,95.66,76.17,B
55.38,58.1,60.88,20.0,97.77,77.14,S
80.72,92.31,47.4,70.63,67.8,72.24,B
63.42,98.31,52.49,73.39,32.5,92.7,B
90.78,66.95,55.46,66.8,100.0,48.55,B
86.73,46.77,59.6,52.55,61.43,74.84,S
57.99,85.58,24.12,69.87,63.47,57.44,C
78.04,33.86,60.79,26.7,79.23,61.13,W
68.24,70.88,44.55,56.72,39.72,84.46,S
100.0,100.0,61.82,75.34,34.39,97.54,B
86.64,55.32,84.74,52.4,60.84,82.13,C
59.05,85.43,38.88,34.9,51.81,86.39,S
65.75,38.04,47.89,57.3,46.38,57.72,S
100.0,47.79,53.54,49.92,61.57,84.32,C
89.22,58.88,35.27,86.04,68.09,100.0,C
41.32,68.91,98.37,50.23,65.49,79.43,C
66.62,58.76,53.24,44.2,94.58,81.92,S
78.76,81.17,54.71,40.97,57.95,75.03,C
59.11,54.99,49.68,100.0,14.52,72.31,C
100.0,67.44,75.07,60.2,56.65,41.37,C
78.08,49.49,43.99,47.02,100.0,100.0,S
78.26,55.7,36.46,68.31,100.0,71.29,C
39.32,78.4,79.71,23.11,73.53,81.77,S
73.9,49.18,80.32,49.13,40.3,44.26,S
93.91,77.33,61.76,48.31,59.42,58.86,C
68.53,22.6,45.28,51.16,82.2,74.4,W
86.92,91.98,81.16,68.35,70.24,60.29,B
86.1,98.59,66.84,100.0,39.49,57.69,A
87.83,70.29,86.28,57.66,52.64,71.8,B
52.01,42.43,79.45,77.2,77.26,49.18,C
69.62,40.5,83.53,45.16,48.29,75.45,S
65.4,94.67,45.3,27.22,26.94,74.54,S
66.57,36.42,83.78,72.68,69.44,95.46,C
84.94,48.54,39.22,76.0,77.93,77.55,C
62.3,77.16,44.89,55.76,98.94,65.09,C
51.41,43.95,79.89,63.6,67.42,67.36,C
82.28,48.02,66.11,41.91,52.05,65.44,S
69.37,64.02,64.71,20.0,53.85,69.13,S
97.58,43.4,63.26,90.89,43.74,80.91,C
62.97,54.91,43.94,41.9,100.0,87.67,S
91.53,74.84,27.87,66.69,91.46,62.2,C
89.48,79.09,97.04,48.81,48.05,69.58,B
96.53,28.43,20.0,59.97,61.15,75.12,S
89.18,53.95,22.54,100.0,50.06,59.11,C
91.56,57.31,58.73,68.62,91.67,70.0,C
97.8,22.28,75.2,39.53,97.45,77.13,S
64.91,78.26,77.86,72.12,49.41,67.74,B
74.94,64.17,74.99,20.0,76.69,70.65,S
62.42,50.15,55.71,20.0,55.97,61.86,W
82.99,48.89,55.7,91.93,89.89,88.53,B
67.5,75.86,55.32,53.69,78.19,66.05,C
97.4,61.8,72.37,90.02,90.63,53.87,B
81.67,82.01,77.84,33.51,56.86,89.92,C
63.57,59.01,91.52,56.95,55.46,61.84,C
79.99,38.34,55.05,65.33,95.98,85.01,C
64.29,88.57,54.01,30.81,66.56,96.57,C
77.48,65.25,92.74,26.51,44.29,50.76,C
80.59,68.33,90.85,63.36,61.92,75.03,B
76.77,31.56,100.0,69.44,74.2,84.23,C
85.64,62.19,47.38,71.19,77.71,62.85,C
96.29,70.87,74.6,88.62,70.44,79.75,A
87.15,50.5,61.08,60.76,50.88,100.0,C
53.89,39.04,86.28,73.69,49.48,84.11,C
97.02,64.39,100.0,20.07,83.88,92.5,C
88.37,60.91,54.19,67.77,86.32,84.04,C
90.6,44.62,55.44,37.32,62.28,90.23,S
76.62,100.0,63.87,59.31,72.12,65.43,B
74.13,87.56,62.28,40.54,51.5,68.25,C
76.11,88.87,33.19,50.96,72.89,47.49,C
62.5,51.4,44.08,62.22,66.79,66.67,S
81.42,99.46,92.79,20.0,81.54,72.33,B
77.33,57.03,62.35,61.33,58.42,61.55,C
68.27,69.69,71.98,76.77,60.12,79.26,B
89.44,88.31,58.82,53.14,73.82,57.75,B
72.1,79.89,72.84,52.05,74.35,62.63,C
85.55,63.44,54.48,50.04,68.74,68.28,C
84.87,57.09,91.86,90.23,52.17,76.05,B
65.24,58.47,100.0,51.23,77.2,83.12,C
59.99,47.9,35.88,38.51,13.0,83.17,W
100.0,67.96,31.67,43.86,60.82,59.74,S
87.9,81.21,36.89,73.95,100.0,100.0,B
100.0,46.96,100.0,50.21,58.15,79.91,C
66.27,72.98,33.6,52.75,95.71,74.14,C
77.12,74.51,83.41,21.59,81.69,70.98,C
77.5,86.2,36.12,35.72,31.29,66.76,S
94.96,62.59,33.2,47.32,40.24,58.12,S
80.83,41.52,82.25,56.44,71.71,70.82,C
86.59,80.66,66.7,70.43,65.76,83.13,B
69.93,65.04,54.51,47.94,56.22,82.02,S
94.66,88.42,34.87,86.36,63.64,84.01,B
61.41,67.84,66.27,25.34,82.17,95.19,S
72.38,92.2,56.21,76.69,25.63,100.0,B
97.43,59.31,20.56,64.34,41.12,81.67,S
81.17,46.17,82.42,75.72,89.52,75.13,B
53.77,84.56,54.59,27.42,97.04,100.0,C
74.38,100.0,61.83,49.63,57.39,99.56,B
63.3,79.71,48.82,47.87,90.6,69.3,C
68.93,87.66,91.95,72.18,56.9,67.34,B
76.2,71.42,40.24,73.91,71.71,49.26,C
61.07,54.92,58.54,99.56,74.76,62.39,B
78.31,57.96,66.5,70.77,94.18,74.64,B
99.58,83.16,45.85,100.0,76.54,62.47,A
99.79,100.0,59.34,46.92,66.55,85.72,B
94.17,76.41,62.03,90.96,63.74,90.46,B
70.68,73.62,57.73,56.77,62.45,95.17,C
64.01,50.2,100.0,79.51,22.3,66.52,C
47.82,45.99,20.0,54.99,47.16,75.9,W
50.62,66.66,51.7,91.04,98.23,86.78,B
70.1,100.0,28.94,27.12,68.32,100.0,S
71.96,61.34,31.16,78.81,89.06,86.84,C
65.56,50.87,34.14,59.85,48.39,57.34,S
68.64,55.22,49.24,68.26,71.58,70.68,C
77.75,45.17,62.11,61.31,39.94,89.94,S
61.78,66.81,83.29,78.36,70.69,69.56,B
89.21,78.49,47.63,40.51,28.55,77.31,S
73.76,87.72,67.18,87.35,56.05,92.07,B
67.07,80.55,30.82,63.17,30.31,70.99,S
81.61,54.58,38.99,76.61,67.93,67.66,C
75.63,100.0,83.07,83.58,78.71,77.5,A
39.06,51.42,50.39,20.0,46.85,45.29,W
74.43,81.38,82.14,67.13,50.73,46.02,B
48.65,39.62,42.22,54.49,49.72,80.08,W
71.52,65.21,82.81,32.03,78.37,74.79,C
70.0,82.71,77.58,37.18,66.36,79.22,C
70.9,76.7,65.62,98.32,39.39,73.16,B
61.37,77.08,27.66,65.62,57.4,63.99,S
53.3,55.7,81.69,57.45,82.55,99.97,C
78.96,53.82,69.35,46.03,59.91,52.2,S
88.89,57.28,63.64,35.21,78.72,63.57,C
72.87,82.56,75.82,57.52,34.64,100.0,C
100.0,79.45,44.94,55.5,59.13,93.96,C
78.94,49.32,50.58,82.67,100.0,97.92,C
86.36,59.95,20.0,64.54,69.96,77.1,S
75.81,38.47,71.15,71.91,83.65,89.2,C
84.06,56.8,58.58,60.0,72.15,89.97,C
84.66,100.0,100.0,59.75,10.0,93.55,B
66.89,48.97,52.03,48.17,82.25,51.61,S
58.83,71.86,72.46,72.11,54.26,60.33,C
67.4,69.8,89.71,20.0,65.59,55.01,S
50.22,84.34,70.89,67.89,88.42,67.8,B
68.51,100.0,55.07,74.17,70.13,47.28,B
44.33,53.42,81.12,75.34,88.28,60.19,C
99.24,45.7,64.26,57.77,66.52,95.08,C
64.42,38.01,60.4,49.2,100.0,85.15,S
68.86,43.88,22.39,35.45,72.3,96.41,W
91.83,69.58,53.54,63.91,59.63,100.0,C
72.16,63.27,20.0,53.7,86.73,58.98,S
63.74,80.85,30.47,81.27,59.36,69.17,C
58.14,72.56,100.0,75.19,52.71,92.03,B
70.25,92.49,76.13,20.0,49.92,89.17,C
77.27,44.52,47.33,20.0,68.23,100.0,W
87.07,100.0,77.65,80.6,100.0,80.66,A
72.19,85.65,89.08,47.44,55.57,77.08,B
87.47,80.96,31.52,100.0,57.18,71.02,B
61.46,100.0,64.84,39.28,87.28,86.54,B
72.18,81.81,43.49,47.16,29.8,55.14,S
100.0,97.83,61.32,94.58,66.8,71.35,A
75.85,62.5,55.7,83.15,73.0,85.69,B
90.47,72.76,40.59,28.24,72.98,72.43,S
76.31,64.68,100.0,28.74,30.2,79.99,C
69.35,71.32,71.68,86.25,39.86,66.65,B
81.43,80.41,100.0,79.03,68.86,61.64,A
66.54,53.15,73.1,63.65,43.53,68.46,C
88.16,72.03,71.37,66.42,100.0,78.54,B
69.21,46.68,64.99,20.0,66.31,71.91,S
54.53,46.43,76.19,63.08,72.04,79.6,C
76.39,89.86,62.47,25.92,100.0,80.56,C
66.16,39.93,67.92,55.42,100.0,69.81,C
62.44,82.92,78.51,61.71,83.53,74.43,B
78.51,88.3,72.51,54.28,97.05,39.53,B
100.0,30.88,47.46,57.1,67.07,90.1,S
59.13,70.22,48.44,64.49,68.7,76.39,C
66.75,54.8,65.75,78.76,58.03,61.97,C
84.2,64.35,76.61,38.07,34.41,67.0,C
63.5,63.42,47.26,74.3,64.24,77.26,C
77.36,68.9,59.52,69.23,54.09,95.99,C
71.45,38.77,63.76,39.27,83.31,100.0,S
63.2,71.65,24.89,67.99,52.29,65.63,S
58.48,79.64,80.15,58.51,52.71,98.84,C
63.74,21.76,69.17,33.69,89.77,69.28,W
84.06,93.03,35.82,45.55,68.49,98.06,C
65.12,53.11,69.56,45.3,73.05,51.73,S
100.0,38.05,53.56,57.29,100.0,55.13,C
100.0,80.14,68.34,36.34,81.42,64.15,C
94.0,45.58,57.74,45.78,50.25,86.12,S
83.03,89.18,24.4,81.41,100.0,68.23,B
100.0,59.74,32.55,51.28,90.96,62.43,C
65.99,76.87,60.06,70.86,74.76,82.19,B
68.52,69.63,41.45,86.35,57.31,91.93,C
71.5,69.04,50.1,35.65,35.1,59.17,S
70.14,69.24,80.21,48.19,52.36,53.36,C
82.2,92.66,85.33,73.62,82.77,100.0,A
79.98,77.92,53.58,28.04,56.32,74.86,S
75.91,100.0,61.63,83.93,61.3,70.32,B
55.06,50.15,70.54,58.17,88.86,77.72,C
69.71,100.0,58.12,83.59,61.98,85.64,B
88.92,69.17,20.0,58.4,94.61,82.91,C
81.69,30.55,45.59,67.05,78.21,93.22,S
72.83,73.12,60.33,36.29,24.88,81.47,S
77.61,52.64,27.62,71.85,64.68,83.35,S
100.0,22.17,46.01,53.39,99.1,50.45,S
100.0,67.72,58.08,53.64,61.27,90.72,C
58.97,71.91,52.32,41.23,100.0,81.29,C
84.2,87.76,31.57,96.55,19.82,63.47,B
68.11,76.63,64.37,54.33,69.76,60.33,C
52.54,79.53,73.87,92.86,54.2,85.39,B
70.74,88.81,80.44,62.65,63.21,89.41,B
84.7,51.31,33.44,51.65,100.0,92.2,S
58.32,41.64,85.49,33.02,80.19,65.76,S
99.26,49.59,82.87,62.07,75.04,45.45,C
41.96,60.59,64.94,33.25,48.23,83.42,S
83.44,62.25,75.6,32.17,62.88,99.72,C
76.02,67.53,100.0,27.21,85.93,99.96,C
70.13,82.19,40.36,42.89,77.7,86.98,C
91.81,96.39,58.65,84.26,63.15,88.53,A
78.11,73.91,68.47,22.7,47.52,76.54,S
49.69,81.62,77.43,65.2,47.58,95.7,C
100.0,67.94,70.21,62.44,80.61,73.21,B
74.48,83.11,100.0,27.2,67.92,57.29,C
98.88,53.25,31.14,72.04,100.0,84.95,C
78.07,73.18,88.3,38.77,67.76,68.21,C
57.48,58.43,82.15,70.47,82.89,77.2,C
82.85,48.99,53.81,62.22,75.55,79.8,C
72.92,57.45,100.0,77.95,78.26,71.5,B
68.23,62.38,65.86,20.0,38.61,65.45,S
78.11,60.21,89.56,25.39,54.97,97.8,C
76.97,82.7,100.0,42.74,68.01,70.91,B
45.68,58.79,77.62,69.89,82.38,69.37,C
65.16,90.39,50.05,64.47,73.27,96.93,B
89.57,39.09,36.25,70.74,68.71,68.17,S
90.23,68.75,61.05,75.16,62.5,98.53,B
63.18,78.14,88.68,27.7,63.13,92.13,C
92.36,61.57,45.31,79.03,93.67,57.53,B
56.94,69.51,72.59,51.42,83.59,64.35,C
43.28,56.52,61.26,51.93,46.83,47.77,S
67.29,82.95,85.12,84.13,53.68,57.69,B
82.45,77.7,68.0,20.0,52.66,74.55,S
82.31,80.35,62.89,65.28,71.7,85.28,B
79.69,66.31,54.63,59.79,79.69,79.01,C
80.71,91.85,65.3,43.72,87.67,54.51,B
58.78,71.72,70.33,30.61,62.34,65.91,S
67.7,83.87,74.13,57.58,59.08,54.76,C
96.3,76.84,45.87,73.83,68.6,70.69,B
81.53,50.17,53.12,60.67,60.01,85.04,C
100.0,49.91,26.7,20.0,66.99,65.05,W
78.12,67.65,27.94,20.0,75.92,77.03,S
68.61,31.86,69.43,85.98,75.56,62.29,C
75.67,37.68,81.16,59.8,34.64,70.49,S
81.95,58.34,54.48,31.06,81.33,65.27,S
42.65,57.57,79.62,49.49,100.0,81.43,C
80.08,62.43,58.63,52.2,63.95,82.96,C
60.96,43.48,37.54,100.0,80.61,79.57,C
59.14,77.47,57.67,62.71,50.47,77.4,C
68.64,49.69,74.68,24.17,81.3,85.27,S
61.81,48.59,55.54,64.2,66.94,81.5,S
100.0,54.85,25.7,76.17,100.0,80.89,C
58.68,62.52,37.63,72.14,42.97,70.5,S
59.93,67.54,52.67,61.89,70.45,60.2,C
84.4,64.02,40.23,100.0,79.53,72.7,B
96.23,100.0,57.09,65.64,50.24,72.79,B
72.01,68.7,66.66,70.32,74.75,56.84,C
60.92,54.07,54.36,81.12,46.74,69.64,C
89.3,59.0,69.21,54.93,75.14,71.57,C
85.01,34.1,52.73,64.52,80.67,97.39,C
69.13,94.59,46.82,87.23,86.35,61.3,B
79.61,63.98,72.51,53.09,63.86,95.54,C
73.52,81.53,55.49,94.67,56.43,65.79,B
97.87,56.1,92.02,77.62,66.91,47.8,B
74.71,67.03,83.34,92.95,56.3,87.02,B
86.48,86.47,69.97,20.0,66.89,57.66,C
71.96,84.6,66.1,83.26,76.84,55.53,B
37.19,67.98,55.72,36.51,35.99,63.98,W
72.08,78.32,63.77,93.38,49.29,88.22,B
75.71,78.89,51.27,81.58,75.9,64.81,B
74.82,60.21,69.78,32.04,69.41,80.93,S
75.5,91.94,75.48,57.84,74.33,79.43,B
81.05,28.49,53.97,25.34,95.57,74.09,W
72.1,82.94,68.45,33.17,68.58,69.97,C
48.83,51.19,56.33,55.47,40.36,92.27,S
73.47,65.75,68.01,40.66,79.13,69.49,C
61.55,76.47,89.83,73.95,88.46,67.19,B
51.04,94.8,100.0,91.94,63.28,57.68,A
59.01,31.33,57.85,93.32,67.17,79.53,C
95.63,56.92,100.0,100.0,67.38,66.34,A
85.46,58.05,36.87,86.19,94.33,77.33,C
56.06,40.41,62.14,47.0,63.18,90.33,S
86.0,92.56,40.19,50.45,85.18,81.72,C
97.99,73.41,96.96,69.88,91.24,70.15,A
75.21,83.22,92.26,74.04,68.34,95.66,A
42.12,36.56,73.63,58.31,82.11,75.97,S
83.56,48.71,71.41,79.88,94.41,100.0,B
78.66,70.48,29.54,46.31,66.14,90.75,S
65.83,80.93,59.97,54.1,74.98,69.13,C
68.56,30.9,55.04,47.44,59.68,81.25,S
84.88,69.64,79.91,70.66,64.1,68.06,B
79.69,76.48,87.96,84.21,59.17,73.47,B
85.07,86.36,78.78,56.59,44.92,60.02,B
79.09,71.84,38.03,58.98,82.62,57.73,C
91.57,57.45,85.15,46.26,49.47,68.13,C
73.57,57.23,55.68,65.35,66.58,74.01,C
49.36,72.83,58.22,93.43,51.21,47.88,C
84.27,71.93,39.83,24.35,100.0,96.21,S
37.69,55.84,93.28,47.53,60.19,70.76,S
58.19,30.9,81.05,20.0,74.95,88.3,W
53.23,46.51,84.26,69.72,57.65,93.03,C
93.1,70.38,42.0,48.9,75.73,72.17,C
89.08,34.4,30.11,61.98,60.17,65.59,S
48.48,65.39,58.94,72.38,71.38,73.01,C
92.66,38.75,70.73,21.23,53.23,56.81,S
86.73,63.69,59.73,33.65,64.01,63.55,S
80.75,45.18,86.6,21.14,53.87,100.0,S
68.47,38.7,64.38,47.54,53.28,58.56,S
100.0,59.97,21.49,90.86,82.22,63.5,C
61.0,78.47,55.06,20.0,100.0,68.49,S
97.43,90.57,39.98,80.73,56.97,47.0,B
68.63,72.95,50.75,51.24,92.87,76.6,C
62.35,79.04,63.95,20.0,78.57,80.88,S
75.3,82.83,46.55,65.4,38.66,81.11,C
100.0,45.1,44.8,42.38,72.6,59.05,S
81.32,81.94,70.69,20.0,89.9,89.06,C
87.45,72.46,64.4,80.71,100.0,60.7,B
91.17,63.28,57.41,24.2,64.3,60.04,S
68.04,43.04,51.02,49.07,71.94,50.78,S
53.32,72.24,44.05,81.64,74.51,84.1,C
96.16,58.81,48.51,77.18,80.19,72.19,C
95.87,60.76,60.66,58.47,51.31,76.16,C
95.95,73.9,60.62,54.44,76.62,86.25,B
84.14,58.36,66.5,68.56,49.86,77.52,C
42.58,74.65,73.21,74.45,62.1,79.64,C
96.36,93.28,59.42,61.07,92.22,52.49,B
70.15,91.71,79.5,66.12,39.88,74.25,B
66.15,71.62,43.81,35.43,28.7,93.33,S
69.0,68.14,59.96,34.52,44.82,59.92,S
64.15,72.33,44.09,96.42,90.54,87.13,B
73.21,95.29,55.64,57.31,73.4,85.53,B
84.55,55.5,49.34,72.08,84.3,69.1,C
51.19,60.85,72.47,97.72,46.04,68.6,C
69.16,92.12,59.3,38.04,81.17,68.93,C
56.63,47.14,94.68,66.45,72.16,71.25,C
79.38,70.6,65.84,60.53,87.38,75.35,B
60.33,52.75,20.42,100.0,87.26,62.55,C
70.77,52.26,90.85,26.76,72.29,73.37,S
87.4,62.92,24.84,52.48,50.56,76.19,S
96.51,30.21,44.0,45.84,62.37,86.1,S
72.4,73.32,47.48,63.06,85.56,64.02,C
86.72,66.05,80.91,53.57,77.62,74.39,B
73.56,70.18,70.74,30.51,98.67,47.11,C
64.73,63.11,68.25,92.68,32.83,67.38,C
43.1,65.63,65.43,93.0,72.41,90.66,B
83.76,56.3,31.82,64.05,40.16,94.43,S
72.57,88.9,50.4,63.91,74.19,74.32,B
68.51,72.85,41.48,31.39,94.86,85.91,S
75.99,98.3,54.64,87.1,73.51,59.63,B
100.0,84.81,57.58,74.0,61.93,87.44,B
39.13,44.6,79.59,52.51,74.15,54.8,S
100.0,88.81,55.99,49.1,90.59,100.0,B
89.31,100.0,41.55,39.97,46.22,81.63,C
77.63,61.96,76.19,85.11,39.49,66.05,B
87.3,55.65,44.04,80.41,44.21,70.48,C
79.93,53.52,75.66,45.48,98.17,73.11,C
85.07,79.92,47.45,20.0,77.22,76.08,S
83.34,60.47,51.39,100.0,40.55,86.01,B
66.38,58.28,53.66,40.32,81.42,95.86,S
82.05,67.07,40.27,69.37,100.0,69.29,C
69.36,53.78,50.21,20.0,78.1,62.32,W
50.85,80.06,38.36,50.55,99.33,53.86,C
52.01,70.39,82.99,23.36,78.15,83.71,S
44.11,80.97,77.53,51.14,95.05,92.05,C
76.55,55.97,40.54,57.17,81.4,70.14,S
42.04,90.37,63.8,49.65,87.14,97.87,C
32.97,73.69,31.47,68.98,72.56,84.54,S
67.51,27.54,50.99,66.95,90.31,57.42,S
90.41,52.04,67.25,46.78,73.64,88.38,C
56.59,51.4,63.7,100.0,52.74,100.0,C
100.0,63.05,54.04,42.77,68.64,53.9,C
73.86,94.94,47.78,52.7,35.98,80.61,C
78.97,66.27,55.66,51.56,80.04,74.57,C
79.72,69.3,82.47,72.89,73.86,97.78,B
81.3,91.1,72.14,20.0,96.1,77.03,C
74.22,70.63,53.1,62.99,58.16,94.11,C
73.3,57.35,41.5,63.91,73.74,80.83,C
59.59,32.98,72.51,90.66,49.47,98.84,C
79.26,64.86,52.05,27.54,89.75,63.37,S
63.3,84.84,22.34,24.48,69.64,79.4,S
82.27,58.96,100.0,52.99,65.38,63.05,B
76.86,77.3,84.07,25.24,65.08,81.7,C
83.81,65.13,70.85,40.2,100.0,89.89,C
54.83,43.5,39.06,72.92,44.31,70.03,S
81.82,63.68,65.18,34.55,81.9,65.8,C
70.13,69.75,62.06,58.53,54.99,70.51,C
75.03,37.5,50.75,66.53,44.45,92.35,S
94.04,40.1,87.15,54.84,78.37,67.55,C
88.85,73.12,43.72,32.37,40.79,77.82,S
83.59,78.02,57.64,32.55,56.36,92.29,C
67.73,67.87,38.49,65.4,60.85,90.7,C
86.6,55.09,57.47,45.88,41.61,62.14,S
77.97,71.51,62.97,51.36,88.66,75.95,C
85.55,29.52,20.0,64.24,41.5,71.81,W
70.47,96.75,68.0,61.65,86.74,80.53,B
68.13,86.43,37.8,65.11,39.05,78.06,C
77.89,98.53,28.7,44.78,86.45,80.03,C
77.7,45.88,48.18,85.39,68.97,80.63,C
73.27,41.34,78.68,69.07,100.0,59.77,C
87.34,38.77,63.15,79.48,28.56,71.93,C
66.55,50.96,67.7,82.66,67.33,78.08,C
76.71,65.04,38.21,82.39,75.9,80.92,C
62.9,55.82,56.48,24.25,36.24,65.99,W
82.84,51.94,39.62,40.08,60.89,69.69,S
100.0,86.09,80.5,83.71,50.02,56.66,A
58.4,91.69,49.06,30.47,61.38,71.42,S
79.03,70.02,43.44,73.08,57.22,72.66,C
85.3,52.16,48.61,71.02,52.85,69.23,C
83.34,100.0,72.11,68.4,80.62,58.9,A
76.73,64.4,66.43,60.56,77.59,70.33,C
75.88,40.44,53.6,88.6,76.38,74.69,C
100.0,37.78,37.81,95.68,70.92,71.36,C
57.01,73.95,70.89,33.92,67.19,69.97,S
78.84,42.61,85.04,78.15,62.74,71.75,C
72.95,49.43,51.13,52.05,100.0,89.2,C
89.02,72.4,37.65,57.09,89.41,56.13,C
84.55,100.0,81.24,89.11,74.37,89.52,A
64.23,80.92,73.09,64.38,96.32,66.92,B
72.19,66.91,39.41,62.99,35.62,90.7,S
75.7,54.58,43.31,52.84,83.77,83.22,S
64.42,48.08,73.14,42.11,71.2,76.86,S
79.68,82.17,34.74,20.0,58.65,100.0,S
100.0,100.0,56.14,20.0,23.14,65.79,C
72.03,91.01,77.36,63.0,52.2,60.59,B
78.81,78.94,67.84,35.24,83.01,81.39,C
58.94,49.31,73.77,52.84,100.0,82.52,C
67.7,64.8,61.27,41.98,51.75,85.52,S
87.68,77.08,90.31,46.08,100.0,61.49,B
59.81,29.8,51.08,46.92,80.52,78.66,S
57.11,57.15,52.57,20.0,50.38,63.44,W
96.5,68.83,73.24,25.03,93.88,94.52,C
45.02,50.89,69.92,72.18,56.43,70.42,C
66.04,67.21,83.94,41.04,90.02,63.27,C
62.29,81.37,78.44,76.73,43.68,68.01,B
87.34,65.83,38.53,68.08,55.7,100.0,C
98.17,77.08,87.22,59.43,85.31,97.17,B
78.68,59.9,25.91,56.17,86.47,89.18,S
82.57,54.17,20.46,47.11,63.91,70.31,S
84.28,100.0,62.47,53.23,64.82,76.87,B
62.58,67.4,69.02,62.61,79.15,81.51,C
48.42,77.74,46.58,33.89,47.91,81.5,S
71.66,31.36,69.56,26.33,72.8,78.58,S
88.28,100.0,32.71,56.85,64.47,81.51,C
78.24,57.95,51.18,33.44,89.76,81.89,S
88.77,58.79,46.86,34.28,77.18,59.4,S
100.0,38.85,65.47,92.47,81.98,77.64,B
60.47,37.36,75.4,91.14,61.22,57.91,C
38.13,45.38,57.73,93.18,83.46,79.58,C
69.0,53.34,88.11,62.42,27.95,64.9,C
62.13,54.07,71.26,55.64,68.46,94.7,C
64.55,100.0,46.57,59.96,64.38,76.85,C
81.67,73.68,44.94,33.3,100.0,67.74,C
85.49,32.85,54.41,55.2,79.46,34.16,S
77.49,42.01,66.49,35.2,52.89,70.9,S
59.22,55.49,36.13,20.0,90.36,55.56,W
72.32,80.06,47.7,39.85,74.52,91.77,C
57.46,62.0,25.35,49.35,70.68,62.18,S
68.15,36.84,61.54,81.23,48.06,65.66,C
82.54,89.24,30.14,54.29,75.66,73.47,C
37.85,75.02,90.39,60.57,49.38,67.3,C
100.0,83.2,72.8,65.84,56.78,71.99,B
73.83,75.99,90.18,82.6,41.61,78.36,B
86.05,77.38,47.42,100.0,44.46,58.75,B
78.5,100.0,43.28,52.15,91.55,74.73,B
69.98,76.31,65.45,80.67,95.83,79.61,B
79.38,69.28,69.78,59.21,69.99,92.95,C
97.74,34.85,60.2,42.85,63.78,81.04,S
85.04,62.76,21.73,36.77,87.93,33.89,S
92.81,75.42,86.32,53.63,28.77,81.46,B
94.12,83.49,46.75,59.91,59.34,62.71,C
89.33,41.05,42.12,33.71,40.2,77.2,W
92.42,61.3,29.89,76.48,100.0,65.31,C
67.82,75.31,92.44,46.56,43.35,84.47,C
86.99,65.12,48.84,79.88,80.56,63.47,B
75.74,37.97,73.72,52.23,61.29,74.51,S
75.6,82.9,71.82,54.56,85.27,81.01,B
68.6,62.51,57.04,69.12,62.66,69.14,C
100.0,83.79,44.79,70.56,72.37,80.87,B
77.06,88.79,66.91,56.63,90.84,78.5,B
76.82,71.28,58.13,58.2,58.27,63.73,C
60.02,37.16,42.41,54.17,72.06,70.93,S
39.66,96.49,81.73,67.81,100.0,60.34,B
100.0,45.7,64.77,29.98,70.29,80.79,S
72.68,79.28,61.98,46.51,58.66,87.16,C
65.19,83.31,84.45,21.29,92.66,100.0,C
78.78,76.98,80.74,51.94,73.65,55.29,B
77.08,74.96,70.32,81.44,54.5,67.01,B
100.0,61.99,64.0,56.53,53.57,99.35,C
67.08,42.45,50.99,20.0,56.97,60.48,W
84.26,51.53,77.76,88.77,85.62,71.77,B
77.12,34.5,57.32,39.07,83.89,100.0,S
82.5,25.18,52.78,60.69,71.75,64.04,S
78.68,40.15,41.1,72.21,49.69,83.07,S
54.46,100.0,44.51,53.08,76.61,66.52,C
77.15,76.51,79.21,75.41,66.56,72.8,B
100.0,84.0,41.56,60.2,63.3,72.97,C
56.56,56.76,96.23,70.74,20.18,93.25,C
91.34,57.81,74.35,39.09,60.59,97.48,C
70.92,27.61,58.73,56.27,93.97,75.22,S
68.68,85.9,62.42,41.5,93.1,77.9,C
75.04,68.56,38.59,46.39,70.07,72.08,S
94.09,69.35,77.1,58.21,91.13,80.96,B
75.2,64.73,40.91,69.15,69.2,67.47,C
91.6,40.0,51.55,80.61,76.31,74.28,C
78.77,68.59,29.67,50.32,100.0,65.11,C
70.23,54.17,58.26,45.17,79.73,77.96,S
86.6,43.98,53.19,53.03,79.11,63.1,S
88.73,88.73,40.22,47.2,59.36,100.0,C
68.55,98.55,34.67,36.23,56.27,62.31,S
70.98,50.82,43.61,83.49,94.48,89.24,C
82.86,66.85,50.06,37.03,77.26,57.4,S
60.09,88.06,98.01,66.65,92.13,71.31,A
54.93,77.24,71.39,59.58,65.15,89.43,C
60.21,49.52,39.84,59.87,48.24,64.74,S
64.41,59.79,30.25,59.92,94.95,77.03,S
98.12,91.68,75.55,59.64,70.45,86.46,B
69.12,27.35,69.84,33.12,50.76,75.0,W
73.57,36.76,63.31,79.26,47.43,94.09,C
51.6,100.0,51.77,61.2,32.16,74.07,C
78.43,63.28,48.74,37.18,92.61,75.46,S
98.11,54.47,51.3,75.94,37.54,56.8,C
91.46,41.56,23.62,99.11,42.12,77.76,C
76.04,20.0,54.65,67.87,77.09,88.55,S
69.19,79.25,46.21,26.97,44.05,53.07,S
90.14,34.71,65.48,52.15,67.95,95.45,S
68.42,77.23,60.75,54.66,100.0,53.38,C
94.34,78.13,50.41,93.85,33.04,67.17,B
56.87,73.24,37.74,67.53,66.27,67.81,C
80.83,59.63,38.23,100.0,60.26,41.74,C
62.37,39.65,76.52,65.08,77.97,69.45,C
70.81,57.58,58.38,76.38,76.72,82.5,C
82.49,82.69,65.76,65.89,93.78,65.02,B
62.16,41.28,63.66,20.0,79.24,73.36,W
92.02,51.56,55.93,82.69,97.66,64.8,B
77.73,70.89,67.47,52.22,95.63,46.65,C
68.68,73.96,69.14,87.76,93.96,70.72,B
94.5,50.72,78.62,97.83,94.3,76.59,A
70.02,34.43,66.21,33.47,54.14,57.14,W
68.09,64.44,65.47,44.79,91.39,71.88,C
63.18,69.53,99.27,65.37,62.74,52.09,B
71.71,69.7,52.25,21.36,52.99,96.82,S
96.51,47.27,73.46,32.07,98.09,78.68,C
89.24,30.7,73.55,57.83,87.04,88.72,C
75.99,52.98,75.59,56.68,52.54,61.2,C
52.84,54.79,82.05,61.91,59.4,87.07,C
62.51,66.91,56.41,75.14,38.46,62.25,C
50.43,59.81,84.23,46.88,59.79,88.08,C
91.03,63.23,73.69,34.31,97.56,100.0,C
82.82,23.31,48.84,71.48,61.57,94.08,S
83.82,50.87,60.65,38.34,66.35,66.68,S
92.62,100.0,31.38,20.0,65.1,52.22,S
75.69,79.98,89.88,62.43,66.14,45.32,B
75.39,66.43,72.78,42.41,61.3,52.83,C
40.63,42.83,28.59,65.41,59.64,66.93,W
60.23,20.0,90.17,35.99,61.75,53.18,W
89.58,67.87,43.47,49.37,100.0,73.91,C
72.27,46.17,22.11,54.48,76.51,91.49,S
41.27,42.5,48.39,57.92,67.1,73.17,S
81.12,46.93,78.68,67.54,63.6,99.01,C
98.35,83.66,20.0,92.74,85.9,100.0,B
93.56,96.57,77.57,87.67,100.0,78.25,A
51.42,58.85,67.8,59.65,45.07,50.53,S
63.88,81.15,91.61,78.16,91.15,73.79,A
48.87,55.9,54.82,47.06,71.09,81.62,S
87.8,59.44,21.92,47.38,70.87,93.34,S
66.48,75.25,65.8,58.97,88.61,65.09,C
66.37,64.76,47.2,69.18,55.74,78.39,C
73.5,69.3,50.81,50.54,71.92,78.03,C
74.94,99.11,40.19,56.59,38.53,80.58,C
58.27,59.43,52.56,64.18,58.94,66.07,S
96.54,70.69,48.78,52.48,100.0,71.47,C
64.66,51.3,49.02,44.92,44.41,58.14,S
62.56,76.83,52.38,53.44,95.4,94.43,C
70.77,52.38,42.71,73.24,65.91,69.2,C
62.8,49.61,66.4,29.06,89.9,66.99,S
72.76,38.26,59.75,50.78,69.0,97.08,S
77.67,49.11,45.77,71.09,95.97,79.23,C
85.33,77.19,88.38,20.0,83.34,89.76,C
54.92,47.29,42.98,41.97,60.37,78.64,W
87.99,86.63,43.24,39.42,96.32,84.7,C
76.24,74.47,59.4,69.54,63.28,79.03,C
52.34,51.24,46.46,49.76,51.47,67.0,S
52.28,75.97,58.35,20.49,53.3,80.05,S
66.85,51.06,58.51,65.56,41.27,83.25,S
63.0,64.64,59.29,46.4,49.53,70.71,S
99.38,37.77,93.85,52.29,70.71,58.7,C
63.43,54.94,39.09,53.4,61.86,100.0,S
57.51,67.05,64.96,34.45,83.74,69.03,S
37.61,78.2,37.66,34.95,83.76,69.79,S
88.77,89.2,47.1,75.45,54.89,100.0,B
64.61,85.52,76.88,64.95,56.59,72.73,B
42.7,69.49,66.99,60.94,10.53,56.02,S
63.78,70.83,65.79,54.26,82.7,59.61,C
84.15,74.49,67.55,54.0,100.0,82.4,B
60.47,69.97,75.05,45.06,91.79,80.73,C
39.86,70.99,51.88,69.82,88.88,77.93,C
99.98,61.43,72.5,75.71,68.05,86.68,B
66.08,56.55,33.75,63.31,76.51,92.69,S
86.87,59.3,36.44,67.52,92.22,86.33,C
91.27,60.76,50.67,41.79,68.88,73.82,C
78.1,62.41,57.33,40.91,88.83,76.15,C
72.38,50.05,33.36,86.78,81.09,50.64,C
86.45,83.45,62.49,93.16,74.33,53.75,B
80.48,69.9,47.93,70.62,36.65,89.86,C
61.83,45.3,57.72,67.53,73.28,63.86,S
67.41,42.34,55.51,81.65,69.91,87.89,C
96.83,53.24,56.27,100.0,98.89,49.91,B
80.81,65.01,76.53,41.61,53.21,64.86,C
66.42,81.31,36.38,44.3,34.22,90.11,S
94.07,58.46,54.04,67.97,99.49,81.13,B
64.54,32.62,37.7,59.61,56.89,77.92,W
66.71,43.84,36.46,92.37,87.78,100.0,C
83.1,56.4,86.47,57.27,74.42,74.36,C
30.8,97.09,69.82,65.26,68.76,77.45,C
66.04,77.33,33.86,62.09,81.23,72.02,C
80.56,45.17,40.68,63.21,83.57,46.88,S
82.83,54.14,56.14,28.53,52.97,89.49,S
75.49,57.34,57.67,68.76,78.81,73.87,C
91.39,84.41,68.27,59.2,83.15,79.71,B
90.91,82.99,39.63,34.11,55.98,89.64,C
51.36,72.9,67.25,83.58,73.61,54.85,B
60.61,41.36,49.24,53.98,46.69,97.06,S
55.12,91.92,83.7,77.76,56.12,80.14,B
55.84,83.22,58.52,48.99,45.53,37.84,S
59.42,87.26,51.94,54.27,83.11,100.0,C
94.88,45.55,21.15,100.0,100.0,77.83,C
55.94,84.26,57.84,55.51,87.89,80.02,C
57.21,58.51,73.22,69.23,75.24,89.0,C
69.57,68.57,20.0,48.11,85.28,69.14,S
68.01,44.17,80.07,70.07,86.51,49.11,C
72.59,59.4,54.39,44.45,63.08,87.74,S
46.31,100.0,69.68,57.07,88.14,53.22,B
65.03,62.58,87.31,56.98,79.0,66.16,C
82.3,98.54,79.91,56.21,83.51,83.66,B
82.6,87.24,82.09,55.2,82.84,69.25,B
61.15,59.61,58.47,21.45,87.21,33.49,S
100.0,95.04,54.78,58.21,76.06,66.16,B
77.89,62.12,58.11,61.99,43.73,75.59,C
77.45,67.58,55.68,83.03,62.93,78.41,B
94.46,63.41,64.29,55.88,94.75,71.13,C
94.25,62.93,42.81,72.95,63.91,84.31,C
34.06,65.1,50.81,34.61,58.94,66.39,W
74.28,37.65,66.33,88.06,75.62,87.13,C
91.42,89.73,97.4,47.02,55.63,86.75,B
85.62,80.51,97.79,58.25,78.52,60.29,B
100.0,58.27,53.84,50.37,57.1,64.06,C
67.14,37.68,44.29,100.0,84.71,88.89,C
92.66,100.0,24.57,30.94,53.93,67.95,C
70.49,56.06,64.39,58.78,55.54,42.37,S
60.11,54.02,55.06,33.15,60.18,58.04,S
73.11,43.54,43.02,29.21,66.93,62.0,W
88.6,73.12,58.6,40.46,77.61,85.36,C
77.14,97.07,69.19,78.1,72.67,85.13,A
63.05,55.83,66.99,65.53,80.15,91.51,C
53.63,45.51,64.59,42.06,100.0,82.74,S
73.83,54.69,50.4,58.66,72.24,68.15,C
70.9,91.89,87.69,63.54,43.17,83.08,B
98.31,92.4,74.69,89.29,71.07,84.42,A
64.79,70.85,86.59,45.03,52.77,76.46,C
71.6,77.98,50.93,95.81,44.21,93.81,B
63.53,29.08,64.76,52.4,47.81,49.78,S
74.87,84.52,71.7,59.25,79.58,74.59,B
53.55,36.58,55.94,54.47,87.02,86.36,S
84.08,59.39,32.39,67.07,80.5,39.17,C
62.48,51.18,62.37,40.33,69.24,71.84,S
72.61,50.67,47.22,34.23,77.6,83.57,S
63.44,95.41,53.71,91.66,57.16,44.6,B
81.03,69.97,60.69,43.87,69.31,67.33,C
70.46,81.83,63.68,71.42,65.36,69.87,B
57.7,57.6,20.0,45.02,68.36,83.46,W
70.97,71.95,20.0,56.75,36.41,56.88,S
72.19,90.53,67.42,58.4,69.61,64.3,B
66.84,73.55,32.29,71.05,62.23,87.38,C
89.42,31.54,48.37,39.18,33.75,59.51,W
100.0,77.19,98.35,76.24,55.16,69.27,A
83.83,73.75,48.45,24.78,100.0,72.88,C
70.11,67.27,55.15,60.7,95.74,73.13,C
57.56,61.77,50.71,89.33,93.42,76.61,C
55.82,40.48,60.3,65.4,62.51,67.8,S
66.11,64.53,20.0,33.77,57.46,93.11,W
62.79,68.61,64.53,86.55,95.25,74.14,B
67.87,51.72,55.18,48.45,81.07,81.3,S
83.88,90.19,97.26,60.74,91.99,69.73,A
92.78,86.23,80.17,60.07,56.63,54.08,B
74.4,95.66,53.8,75.27,86.88,70.74,B
94.75,20.0,35.54,37.86,53.61,80.04,W
79.35,72.88,71.92,37.1,45.64,80.94,C
65.55,33.59,79.43,88.69,100.0,77.81,B
84.39,92.4,47.17,82.43,75.51,88.71,B
77.79,90.93,64.47,25.35,99.04,60.79,C
93.8,63.2,83.52,82.96,78.6,82.63,B
81.34,24.72,62.37,33.45,73.42,57.86,W
57.23,97.1,81.39,57.91,73.7,71.28,B
83.55,51.48,79.87,52.43,61.6,75.33,C
66.13,71.57,49.25,68.31,94.32,64.21,C
73.04,74.23,51.28,68.22,81.11,91.25,C
65.91,46.14,53.85,36.71,81.29,57.57,S
100.0,90.92,60.25,77.08,37.26,100.0,B
66.15,62.59,22.88,68.7,47.87,76.52,S
66.84,43.45,43.91,62.97,44.37,63.77,S
84.95,100.0,69.55,37.82,62.66,75.47,B
69.76,83.06,64.35,77.97,63.71,94.88,B
72.5,45.58,100.0,20.0,55.23,65.59,S
100.0,100.0,89.88,50.73,100.0,80.53,A
89.66,68.59,59.01,52.46,65.81,84.13,C
80.51,64.37,90.19,20.0,80.2,85.77,C
92.2,63.7,64.16,79.69,99.82,70.49,B
79.0,98.57,20.0,42.82,99.32,91.39,C
82.84,56.03,42.36,44.99,100.0,65.57,S
76.52,49.93,76.86,46.15,68.05,49.75,C
50.8,65.15,33.5,100.0,28.77,63.0,C
75.25,57.7,37.92,36.93,50.19,70.7,S
100.0,66.56,83.66,69.15,92.28,33.0,B
70.43,91.14,48.57,96.77,99.68,67.96,A
67.45,44.73,47.41,30.88,78.58,53.16,W
84.06,77.56,26.78,92.1,80.27,86.25,B
63.62,77.45,82.53,55.83,100.0,75.66,B
92.11,70.86,71.71,21.23,77.42,63.98,C
62.3,99.88,55.72,35.93,62.82,55.49,C
96.51,51.09,70.59,87.83,60.0,82.98,B
59.55,100.0,78.73,53.76,54.54,73.29,B
69.9,100.0,35.49,60.97,69.63,73.24,C
73.37,62.68,77.46,71.4,78.38,30.0,C
79.5,31.89,72.93,90.44,51.48,71.07,C
66.01,89.71,61.9,96.02,78.28,78.64,A
76.02,81.36,25.25,59.88,68.6,85.88,C
72.18,44.23,60.15,34.18,31.49,85.91,W
83.69,74.34,86.06,43.37,41.38,73.95,C
69.79,48.15,58.4,44.54,33.28,68.38,S
57.95,69.63,46.88,82.46,100.0,85.19,B
51.73,95.1,91.51,58.41,96.46,66.72,B
47.01,49.79,94.59,25.2,69.99,75.51,S
67.31,56.13,61.44,45.63,41.56,78.23,S
91.1,82.39,43.81,30.47,64.32,98.52,C
84.68,79.08,77.8,67.26,72.41,84.93,B
66.81,36.71,74.46,85.23,47.64,87.33,C
100.0,64.96,43.64,60.71,58.99,65.75,C
81.5,32.93,31.12,58.42,69.55,80.15,S
100.0,67.09,71.96,36.54,85.36,67.1,C
76.07,62.82,80.66,29.18,24.34,71.8,S
82.03,68.05,84.64,67.62,58.72,40.12,B
71.44,85.56,52.16,58.62,78.43,59.77,C
84.35,97.74,56.54,33.16,68.67,41.63,C
80.05,74.05,93.51,53.73,78.17,62.08,B
69.65,34.5,56.1,51.28,75.98,65.65,S
76.25,58.33,53.37,59.77,70.81,86.42,C
73.19,58.0,56.38,42.28,62.8,100.0,S
61.31,59.43,52.25,52.56,63.38,79.19,S
49.35,85.74,72.65,30.66,24.62,60.34,S
71.36,100.0,70.87,20.0,56.21,74.2,C
78.81,38.71,57.3,42.21,47.92,78.89,S
86.61,81.82,71.49,47.06,84.29,79.64,B
77.01,52.77,50.06,59.63,100.0,79.52,C
65.83,48.35,50.16,100.0,62.01,88.6,C
69.36,70.22,75.83,45.42,57.18,99.88,C
89.77,80.81,75.75,68.11,100.0,75.66,B
83.66,35.98,43.5,31.58,95.48,36.71,W
68.97,20.0,43.37,47.2,97.7,80.95,W
62.5,86.32,60.36,58.83,45.95,60.15,C
62.62,65.93,61.56,91.97,77.7,34.39,B
78.94,36.0,40.68,40.13,56.73,54.37,W
78.05,36.78,67.13,100.0,43.41,70.73,C
37.15,58.98,72.85,73.85,71.55,88.34,C
100.0,99.25,49.55,26.08,61.88,60.8,C
81.77,41.38,58.54,76.44,67.99,60.81,C
92.62,27.42,53.44,57.08,70.32,77.71,S
84.16,64.29,52.64,49.03,57.77,86.81,C
65.3,81.94,60.38,46.53,82.37,64.09,C
84.57,69.25,48.07,69.63,80.93,92.36,C
89.49,74.83,37.45,100.0,41.93,89.24,B
81.47,41.52,57.51,56.27,96.11,64.3,C
71.07,20.0,94.7,34.45,76.54,73.48,S
73.53,81.2,93.43,63.53,83.1,79.93,B
90.26,55.74,81.51,82.43,91.65,65.1,B
72.47,69.79,32.58,93.09,69.75,79.26,C
66.34,38.46,47.92,62.82,83.47,77.43,S
80.2,58.26,69.92,90.62,84.1,87.14,B
79.41,34.94,39.11,68.01,69.78,81.6,S
100.0,79.52,85.18,60.08,53.86,74.13,B
62.93,96.17,75.81,69.45,94.72,44.7,B
83.82,38.79,59.85,51.14,83.23,78.42,S
95.18,52.96,74.18,61.57,37.29,61.22,C
72.75,87.25,69.27,32.31,67.19,100.0,C
76.67,58.45,69.83,74.79,60.88,82.54,C
70.07,79.39,63.39,68.6,54.82,62.68,C
89.18,63.41,65.7,51.26,87.97,65.88,C
72.97,80.72,83.46,46.48,100.0,79.7,B
59.36,72.38,52.34,67.55,69.14,76.11,C
61.33,84.8,36.88,33.61,77.35,99.04,S
69.71,79.02,81.47,75.92,63.78,58.63,B
41.89,59.74,83.56,33.27,84.0,60.75,S
76.59,79.16,46.81,61.75,61.7,85.58,C
78.53,66.13,91.17,72.57,56.19,73.71,B
73.86,66.61,100.0,66.16,29.28,66.86,B
46.01,58.4,20.25,38.83,39.59,80.76,W
75.01,71.06,57.91,27.33,80.27,100.0,C
81.14,56.48,31.44,38.02,79.06,91.1,S
78.91,81.0,74.15,69.14,56.83,77.61,B
62.27,65.35,66.62,94.93,43.81,82.22,B
97.22,80.18,76.66,70.93,95.97,58.69,A
54.21,64.87,20.0,85.07,94.41,68.5,C
69.44,63.55,61.04,60.8,81.16,72.41,C
89.15,73.92,47.86,87.37,42.83,73.62,B
89.5,50.54,66.19,69.95,52.79,73.91,C
72.65,53.97,100.0,41.21,90.1,69.11,C
58.7,67.06,72.98,78.25,100.0,100.0,B
78.76,51.74,69.06,52.14,88.52,55.54,C
100.0,82.12,26.32,42.4,86.32,92.65,C
55.92,79.26,21.05,56.03,92.24,66.73,S
52.4,67.92,47.91,71.85,52.29,63.41,C
44.68,68.4,56.78,31.86,73.88,90.41,S
71.77,70.36,65.47,31.5,100.0,67.94,C
84.84,80.38,57.21,71.35,74.92,53.74,B
70.02,52.75,50.77,29.31,92.53,99.03,S
89.67,90.41,53.11,44.0,54.43,84.66,C
78.41,63.46,85.9,66.91,53.23,64.79,B
85.23,85.83,71.03,99.73,100.0,81.62,A
62.42,38.8,52.25,74.57,100.0,81.26,C
92.53,60.09,72.46,76.11,30.41,68.8,C
89.25,70.49,36.07,20.0,62.68,73.93,S
61.74,67.86,70.13,72.76,22.88,55.29,C
70.43,76.44,69.78,68.38,62.33,70.09,B
64.08,80.36,41.59,76.7,74.16,74.32,C
65.15,37.89,47.05,50.74,22.62,72.04,W
88.87,76.34,50.08,59.03,58.88,77.23,C
98.1,84.37,70.42,47.16,85.0,49.7,B
71.21,76.67,74.81,72.74,75.9,72.06,B
83.07,45.94,43.11,59.36,73.46,47.62,S
81.83,80.45,58.45,100.0,56.34,69.58,B
69.07,63.48,53.43,27.05,59.07,73.54,S
93.43,100.0,86.71,40.94,56.08,72.61,B
100.0,61.69,33.45,46.97,85.14,85.35,C
72.0,78.67,20.0,60.28,87.21,62.51,C
62.45,27.67,91.8,42.16,74.82,84.06,S
97.68,61.92,49.21,61.81,95.68,72.45,C
60.68,34.18,35.57,77.02,63.59,65.89,S
64.26,66.7,55.21,51.99,96.99,98.07,C
50.85,71.55,44.46,52.54,76.19,71.81,S
78.46,78.46,65.89,43.77,57.42,53.4,C
62.19,100.0,44.16,31.75,76.4,73.34,C
72.07,93.18,70.98,46.34,61.51,67.46,C
88.12,58.84,24.14,56.94,39.26,100.0,S
60.51,61.76,65.16,51.65,64.2,81.33,C
97.89,80.35,89.57,34.97,76.35,77.33,B
80.27,92.52,55.58,49.08,80.68,48.33,C
71.45,62.32,41.59,81.26,48.76,72.96,C
79.4,92.07,59.79,78.6,84.01,76.85,B
58.66,36.31,62.13,46.06,88.39,86.19,S
72.23,41.85,70.21,35.61,54.83,60.31,S
72.92,88.4,59.9,48.25,39.49,83.28,C
63.29,67.35,52.92,76.44,66.86,74.12,C
82.29,100.0,77.77,56.05,70.06,67.13,B
60.75,53.94,44.56,72.37,48.58,95.0,S
86.28,65.41,60.01,45.74,75.4,91.32,C
64.45,34.33,74.06,65.14,47.6,64.0,S
62.11,50.51,53.53,52.14,56.98,63.63,S
71.57,68.35,53.67,83.49,80.16,51.14,B
82.86,77.11,51.31,25.11,70.16,74.88,S
58.18,35.98,58.25,52.87,61.65,73.75,S
58.46,56.3,70.67,50.3,36.56,67.91,S
58.95,70.34,66.38,21.51,85.18,58.32,S
98.39,64.02,35.07,32.88,76.96,69.13,S
73.55,97.26,46.02,59.32,98.4,79.06,B
50.9,75.11,36.74,88.95,53.54,100.0,C
97.01,49.07,60.4,74.58,85.67,81.64,B
93.78,62.54,52.67,50.37,87.17,80.48,C
79.37,80.9,20.0,64.82,74.37,100.0,C
52.07,96.14,61.51,68.76,100.0,83.41,B
81.01,69.85,50.33,57.37,55.69,74.33,C
39.96,73.58,57.57,50.6,74.4,53.5,S
100.0,62.94,57.08,36.76,70.48,95.8,C
90.54,82.09,70.93,50.11,41.0,71.98,C
71.46,85.98,66.19,93.47,93.95,68.15,A
48.07,92.71,87.19,27.94,100.0,80.73,C
77.41,97.3,86.89,72.33,79.46,84.25,A
69.0,63.9,41.95,50.67,62.67,65.47,S
77.05,58.52,70.04,22.31,67.73,76.97,S
70.34,61.55,28.3,65.84,82.95,82.4,C
90.58,69.03,69.57,61.43,83.75,51.34,B
61.6,96.74,20.0,54.92,93.45,73.6,C
68.92,67.59,52.94,58.68,56.33,91.63,C
96.35,62.33,32.27,46.48,66.32,82.58,S
59.88,49.62,70.21,78.66,57.57,55.0,C
100.0,80.67,54.66,77.12,67.51,88.01,B
77.39,66.83,57.73,26.16,100.0,60.88,S
54.6,60.74,40.77,56.86,83.76,89.93,S
87.22,58.89,60.99,66.97,34.84,83.56,C
53.14,100.0,51.91,53.93,54.61,65.55,C
100.0,83.81,29.02,91.09,93.86,70.78,B
79.6,64.7,99.45,40.48,72.92,68.58,C
53.5,100.0,36.37,62.84,35.19,69.01,C
81.33,48.51,71.74,52.08,93.2,95.43,C
66.2,66.53,63.67,71.63,70.29,77.85,C
71.35,67.3,85.96,72.21,84.03,85.85,B
72.69,71.38,38.3,85.91,14.34,73.69,C
92.11,37.72,68.0,43.02,62.62,89.19,S
77.97,24.31,40.47,79.46,78.98,100.0,S
100.0,58.16,100.0,58.54,50.75,65.5,B
41.15,97.14,91.9,35.66,65.44,76.43,C
60.59,29.9,55.79,50.94,62.23,78.34,S
96.44,58.94,63.41,73.99,81.08,65.78,B
76.45,75.95,37.43,85.8,98.63,64.16,B
77.91,77.85,49.09,68.6,73.27,52.98,C
81.89,43.0,78.78,43.23,66.77,95.58,C
82.45,43.41,39.7,44.82,77.89,80.37,S
62.35,41.66,65.63,54.0,100.0,75.55,C
100.0,41.59,28.54,33.36,93.78,100.0,S
63.27,55.79,36.62,20.0,84.37,78.35,W
75.16,37.0,92.8,46.93,80.67,53.18,C
72.14,70.83,66.54,61.4,79.89,58.04,C
77.96,67.28,64.63,59.59,44.54,55.23,C
41.79,81.35,76.55,76.56,76.14,43.0,B
59.6,68.41,62.71,53.1,77.38,75.17,C
76.81,52.22,79.64,48.52,43.39,63.44,C
69.77,84.88,59.15,53.9,45.03,86.78,C
65.22,63.0,89.6,69.19,37.43,48.46,C
74.04,40.75,72.97,58.93,73.31,64.4,C
100.0,100.0,54.43,65.77,71.95,71.1,B
62.52,43.3,37.29,66.92,59.61,36.33,S
81.67,64.23,86.93,66.21,40.43,41.55,C
64.21,52.5,78.86,57.8,92.67,55.13,C
89.48,79.42,20.0,87.1,71.87,80.88,B
62.03,90.5,36.28,76.31,86.41,60.39,C
100.0,69.63,73.08,24.4,100.0,56.63,C
90.37,45.1,47.62,75.35,90.55,55.93,C
91.36,85.9,41.24,93.17,40.86,65.63,B
82.19,47.93,65.28,63.3,66.26,87.49,C
71.57,69.63,82.93,75.4,85.72,57.76,B
82.87,47.43,34.37,56.42,51.91,86.86,S
87.22,26.95,43.43,25.88,60.75,81.83,W
71.37,53.2,86.0,20.0,94.74,66.84,S
73.83,54.45,90.86,30.92,70.23,82.91,C
50.83,46.6,57.04,38.49,53.69,69.75,W
84.74,58.15,81.57,36.05,44.96,100.0,C
65.13,38.78,25.16,81.65,63.17,71.19,S
72.61,85.26,56.41,100.0,72.68,90.93,A
87.08,64.27,48.26,65.3,80.2,66.41,C
77.5,89.72,100.0,76.8,100.0,65.56,A
85.53,91.77,42.07,47.32,100.0,60.37,C
54.88,95.56,83.94,67.51,69.09,68.42,B
79.23,96.6,64.77,100.0,52.04,74.7,A
69.4,43.3,56.94,67.18,80.48,100.0,C
81.97,88.0,61.32,94.92,100.0,82.97,A
60.11,54.02,65.64,68.04,83.97,81.9,C
75.1,52.28,68.02,98.81,90.4,83.02,B
90.44,57.58,49.83,41.55,67.49,68.67,S
93.12,55.49,43.95,100.0,60.97,77.3,B
81.77,42.27,84.71,72.02,100.0,64.81,B
76.49,65.79,65.28,26.0,72.22,53.6,S
80.38,22.43,22.97,76.01,59.06,60.18,S
94.06,71.55,77.44,54.34,100.0,65.93,B
100.0,63.77,26.91,68.62,76.3,59.23,C
61.17,64.51,66.99,20.0,91.06,67.58,S
55.02,83.82,59.53,84.76,78.76,74.98,B
72.71,74.65,51.73,39.24,82.2,72.83,C
75.5,86.79,57.72,58.33,58.01,81.46,C
80.25,83.02,48.42,47.93,85.84,78.78,C
61.41,91.13,26.03,75.25,44.7,100.0,C
51.83,88.05,58.37,49.93,73.71,84.48,C
61.43,48.68,72.99,20.44,58.32,100.0,S
60.48,87.96,48.28,69.2,83.09,91.93,B
72.0,100.0,48.21,63.15,74.91,58.17,B
70.71,68.23,51.36,100.0,53.23,92.69,B
87.85,64.72,42.7,41.1,59.64,48.21,S
59.95,35.35,86.92,71.61,85.72,83.83,C
77.5,94.21,47.78,60.35,84.94,55.18,B
100.0,65.57,62.84,85.65,88.3,75.57,B
76.95,34.92,48.87,69.38,78.88,93.32,S
73.19,37.25,81.13,89.59,87.96,72.55,B
90.67,100.0,62.3,29.14,58.27,84.38,C
50.93,68.39,67.61,91.77,96.2,87.97,B
42.56,83.42,74.11,63.63,35.4,63.35,C
57.5,24.7,59.94,40.45,100.0,72.47,S
94.41,33.62,49.4,60.13,51.84,68.67,S
71.73,60.32,97.1,66.32,79.59,83.09,B
84.19,63.34,53.59,61.67,93.14,91.89,C
71.39,80.36,56.11,58.75,60.53,72.28,C
95.12,66.85,62.71,26.16,63.82,71.38,C
62.56,65.43,51.42,59.76,72.43,60.66,C
69.02,66.55,83.69,63.65,56.76,80.99,C
100.0,83.33,70.95,73.96,98.8,91.13,A
83.5,86.37,38.37,24.95,73.14,76.03,S
66.84,81.52,22.74,46.24,60.3,50.46,S
97.42,37.82,48.23,77.98,82.92,58.38,C
85.24,70.8,100.0,66.89,67.18,62.15,B
63.84,48.48,87.42,58.4,81.3,97.71,C
39.62,90.58,61.11,67.57,53.43,63.67,C
82.33,100.0,80.07,85.84,66.16,66.0,A
63.29,55.23,20.0,42.05,58.79,72.37,W
76.98,72.25,59.7,45.21,30.73,66.37,S
60.41,74.32,78.19,78.65,85.14,73.0,B
67.17,50.06,29.85,79.82,66.51,56.3,S
62.6,47.66,60.86,81.48,63.04,41.21,C
72.16,61.88,55.5,44.2,74.35,75.99,S
74.63,73.25,51.4,47.3,97.6,83.39,C
87.4,89.52,70.52,78.42,38.41,78.06,B
72.26,98.55,78.55,44.13,77.46,77.52,B
81.81,44.62,67.2,52.98,75.65,64.13,C
66.22,88.48,38.97,36.49,68.97,63.42,S
61.72,67.1,29.9,35.82,100.0,81.89,S
63.8,73.36,71.35,79.88,67.46,89.65,B
44.42,43.87,63.28,65.25,51.76,78.89,S
65.64,59.46,80.5,78.0,50.06,59.14,C
68.83,64.47,46.84,80.89,76.95,81.09,C
56.0,88.35,20.0,76.35,88.69,68.51,C
94.09,63.74,61.25,65.47,100.0,95.17,B
85.52,46.74,62.87,40.11,86.44,77.11,S
58.13,66.62,43.01,61.33,52.82,75.41,S
86.26,63.94,52.18,62.47,83.94,58.39,C
78.91,91.35,71.47,59.27,82.79,81.79,B
86.3,24.52,28.93,80.11,39.89,81.02,S
69.72,45.08,66.99,62.42,100.0,65.63,C
96.6,72.05,46.78,75.58,81.31,75.54,B
78.99,53.06,43.48,74.71,65.52,73.8,C
79.2,70.31,31.41,86.3,72.42,71.96,C
81.46,69.73,75.34,69.84,84.36,95.26,B
88.25,61.79,37.54,94.69,65.25,67.9,C
48.95,71.77,62.98,24.67,79.07,67.53,S
100.0,53.61,51.3,38.75,95.56,69.41,C
64.13,79.14,32.39,71.75,100.0,83.5,C
84.57,82.4,94.19,84.62,78.79,88.56,A
61.71,80.53,39.89,49.93,10.0,81.02,S
65.34,87.22,67.8,82.73,48.33,90.58,B
100.0,80.28,75.81,61.73,59.51,86.42,B
52.41,56.64,24.58,42.52,82.84,82.58,W
75.76,68.41,22.28,49.8,56.37,65.11,S
83.99,47.79,47.91,20.0,64.12,58.68,W
76.19,45.98,62.09,54.82,100.0,82.46,C
47.41,39.7,61.1,37.54,10.63,95.24,W
85.8,75.42,47.85,67.41,55.91,78.07,C
61.19,95.33,28.6,85.11,70.78,67.66,B
77.51,79.67,87.33,64.89,52.19,75.83,B
100.0,91.95,78.18,75.51,83.99,92.38,A
68.15,37.9,61.38,40.01,48.9,64.2,S
100.0,67.72,67.24,31.11,33.12,62.71,S
96.57,71.69,71.97,74.25,58.17,95.82,B
65.51,93.12,68.85,20.0,55.04,48.23,S
92.45,64.51,20.0,66.27,59.26,52.74,S
100.0,67.15,54.13,49.21,39.73,55.43,C
94.27,55.52,60.44,20.0,43.64,84.15,S
80.67,100.0,86.86,52.92,79.46,70.25,B
100.0,87.98,63.39,62.41,98.9,83.69,B
98.38,21.13,69.22,46.66,100.0,98.2,C
75.49,95.71,95.66,59.64,100.0,74.53,A
71.78,82.32,52.92,59.88,98.19,75.29,B
49.57,72.35,46.07,77.04,83.92,97.07,C
88.61,86.8,46.62,75.69,100.0,64.67,B
100.0,54.01,42.96,64.52,84.32,88.68,C
60.57,73.69,46.29,25.24,51.43,63.74,S
82.82,88.04,30.54,65.74,46.47,84.44,C
65.66,43.97,75.99,45.09,63.68,41.7,S
89.2,81.42,60.11,24.39,94.19,65.01,C
68.2,100.0,45.93,74.33,81.24,80.85,B
79.23,72.53,65.44,56.86,100.0,55.31,B
90.32,81.45,73.97,82.57,68.15,46.97,B
73.92,45.18,45.36,30.67,60.45,66.05,W
39.34,79.0,100.0,71.34,65.94,74.18,B
68.69,66.8,59.26,39.5,100.0,52.69,C
85.77,62.98,98.02,65.5,62.8,71.28,B
75.6,42.14,44.66,20.0,51.54,76.41,W
79.5,25.41,57.26,70.4,66.74,65.49,S
68.82,54.18,47.27,61.82,100.0,63.84,C
70.23,63.97,46.25,82.16,22.58,67.03,C
87.27,59.12,43.58,67.7,88.13,78.16,C
62.98,74.12,51.96,74.39,99.67,35.92,C
76.67,30.29,100.0,47.7,84.93,74.47,C
62.95,46.56,91.71,79.03,100.0,75.83,B
79.32,59.66,54.26,35.08,71.68,63.16,S
81.63,68.4,65.75,94.85,69.25,86.35,B
100.0,91.13,83.06,51.25,74.59,55.23,B
82.48,70.49,60.47,80.6,45.84,99.52,B
88.53,63.59,57.03,68.57,100.0,76.52,B
77.16,65.36,95.64,49.88,69.41,96.95,B
77.21,87.74,41.77,53.48,99.69,64.85,C
72.73,70.13,40.22,48.9,72.25,75.7,S
94.21,95.83,42.88,60.45,83.48,97.75,B
85.78,70.82,73.33,72.82,51.45,77.89,B
96.89,60.85,62.59,52.66,23.72,75.31,C
79.53,54.75,36.91,38.63,85.28,100.0,S
95.74,38.11,77.09,43.41,58.35,68.07,S
85.59,84.19,58.04,56.22,79.29,83.52,B
92.64,39.31,60.4,34.5,68.98,71.61,S
74.3,49.01,30.25,20.0,67.38,68.53,W
64.86,91.45,42.81,89.17,100.0,45.74,B
76.39,57.01,20.0,26.22,85.5,100.0,W
88.54,71.47,59.57,95.02,100.0,66.2,A
45.0,23.04,86.44,56.96,73.66,48.14,S
63.7,59.09,64.16,49.23,49.25,63.23,S
93.12,69.9,72.24,38.22,10.92,67.15,S
62.0,71.98,100.0,73.29,100.0,83.53,B
65.55,71.96,95.61,98.25,58.49,78.8,A
53.56,81.49,91.07,58.88,56.65,80.4,B
81.26,66.62,63.57,54.18,89.92,86.04,C
60.25,44.79,54.91,74.21,72.96,65.35,C
78.92,58.38,77.61,65.33,63.69,78.47,C
94.73,53.61,68.05,56.45,78.54,65.18,C
76.66,87.16,41.26,28.75,44.17,57.44,S
83.93,36.88,54.04,71.6,78.33,69.22,C
77.86,67.14,55.52,53.36,100.0,87.14,C
100.0,55.06,58.3,28.69,53.81,100.0,S
67.17,100.0,35.13,34.82,63.18,74.04,C
88.85,74.02,51.67,55.07,63.62,61.28,C
61.68,85.56,23.44,93.58,63.14,63.41,C
86.1,94.7,82.35,69.04,91.74,49.25,A
67.17,46.78,84.49,49.56,86.91,83.04,C
62.07,53.26,85.88,40.94,72.5,63.26,C
70.29,64.08,44.34,36.87,75.73,62.33,S
62.84,46.22,58.44,78.76,100.0,64.11,C
100.0,44.91,81.67,42.12,52.58,63.83,C
74.21,76.6,73.4,37.23,50.21,61.25,C
73.33,60.8,41.0,63.93,100.0,67.43,C
68.5,76.19,48.82,72.72,55.63,100.0,C
80.17,52.6,48.23,46.7,97.45,55.97,S
64.98,53.77,59.69,52.04,40.18,69.0,S
73.51,52.44,73.74,78.23,68.43,78.46,C
42.58,56.58,80.1,48.68,55.25,100.0,S
100.0,74.35,82.78,20.0,54.25,67.95,C
71.46,55.2,20.0,66.49,80.87,99.03,S
63.18,47.6,20.0,51.54,88.02,65.82,S
100.0,59.87,62.94,28.01,75.74,45.31,S
85.41,79.49,87.19,35.56,73.21,83.46,B
81.63,47.69,20.0,65.63,66.95,66.5,S
86.46,64.1,33.62,20.0,47.42,100.0,S
85.84,68.77,56.37,52.56,93.34,67.64,C
83.65,58.03,98.8,74.33,94.91,66.23,B
90.87,58.75,62.2,93.97,49.14,78.05,B
81.57,75.4,50.98,100.0,44.1,96.88,B
93.23,100.0,28.24,38.89,99.84,46.84,C
50.9,55.23,63.84,93.03,66.29,65.88,C
79.67,74.39,68.82,54.08,30.9,61.24,C
96.3,68.74,53.55,82.6,47.4,71.62,B
77.07,56.17,62.02,53.87,42.01,77.72,S
55.07,68.31,87.48,51.82,46.57,73.1,C
62.52,76.89,57.04,95.61,93.26,72.7,B
85.73,57.14,60.68,50.05,85.33,96.49,C
86.98,83.44,78.46,70.13,47.21,100.0,B
100.0,60.32,52.59,71.47,81.02,71.97,B
56.25,71.11,71.03,73.97,76.99,70.93,B
89.91,66.32,50.7,54.03,35.08,72.27,C
85.33,71.8,90.41,52.21,79.75,86.89,B
100.0,67.9,39.12,76.65,100.0,70.16,B
87.62,89.57,80.34,60.76,56.03,73.78,B
81.88,83.16,66.68,49.64,81.11,87.9,B
80.69,48.28,56.37,78.85,42.34,43.6,C
97.62,75.23,72.13,34.31,84.75,79.13,C
51.24,93.49,63.17,49.29,62.44,44.77,C
83.9,70.24,56.12,86.13,42.32,66.05,B
62.25,59.42,61.35,67.46,63.06,61.84,C
100.0,100.0,62.87,41.35,99.51,53.3,B
69.98,51.08,36.81,51.84,52.72,75.19,S
75.41,52.57,52.59,52.92,86.2,72.77,C
87.37,76.72,71.43,88.53,47.61,67.9,B
100.0,59.85,20.0,53.53,72.7,35.74,S
95.01,50.73,66.57,53.03,44.23,58.94,C
60.97,86.71,57.05,46.52,51.31,92.94,C
96.96,88.69,69.85,64.38,45.68,71.31,B
64.74,28.49,81.14,42.69,93.92,88.23,S
83.35,77.26,47.69,98.87,70.86,79.53,B
65.26,46.38,69.55,62.79,54.21,53.42,S
55.95,88.92,47.73,50.54,99.01,58.17,C
64.1,49.62,92.36,100.0,85.03,86.75,B
66.29,100.0,65.35,76.77,67.89,70.98,B
99.95,75.79,89.03,63.62,53.03,66.25,B
76.54,52.47,37.85,84.43,59.1,77.07,C
79.44,53.24,89.02,33.42,75.23,78.69,C
74.19,39.06,77.42,74.36,56.49,85.61,C
80.62,39.39,42.92,83.04,76.19,66.54,C
62.12,54.69,51.11,39.39,35.16,92.1,S
89.56,39.53,62.73,38.15,64.77,69.83,S
68.58,100.0,51.19,40.22,54.75,90.66,C
50.22,49.75,88.94,63.37,73.84,100.0,C
78.7,50.84,54.36,33.02,95.12,83.62,S
91.87,89.26,51.72,37.22,68.97,61.91,C
77.47,87.64,56.64,61.3,68.12,87.04,B
64.98,21.07,69.42,79.73,78.93,65.4,S
57.97,74.89,62.83,55.23,100.0,60.8,C
100.0,65.64,23.29,54.06,89.19,69.52,C
52.88,61.71,42.86,68.82,85.47,59.16,C
64.41,80.13,42.82,34.19,46.43,80.28,S
79.64,51.32,60.1,91.6,50.52,45.72,C
81.83,62.79,45.8,72.35,86.78,41.88,C
65.21,100.0,71.67,72.87,93.46,75.26,A
86.95,79.36,70.78,50.92,73.44,66.17,B
75.19,41.63,44.19,51.79,51.13,67.42,S
72.54,73.05,78.99,47.8,96.7,89.08,B
82.56,68.07,66.38,84.12,94.47,95.02,B
75.62,76.1,86.87,44.28,63.63,75.24,C
88.49,83.3,55.38,24.81,74.92,61.23,C
52.65,39.72,66.53,87.94,70.78,78.17,C
92.74,34.11,70.4,57.75,81.32,67.75,C
62.73,67.81,92.98,76.94,59.85,54.89,B
49.77,91.32,40.9,50.84,96.42,50.79,C
97.38,59.93,37.03,52.56,55.55,81.61,S
65.28,26.77,55.59,28.16,74.09,57.19,W
67.68,68.65,55.75,63.51,83.61,57.63,C
74.03,20.0,64.95,51.38,50.33,79.74,S
92.59,55.48,41.1,61.63,43.29,65.09,S
93.34,66.24,22.41,20.0,73.24,87.94,S
50.74,73.99,86.61,99.53,76.62,82.6,A
43.0,100.0,48.49,37.46,64.9,97.68,C
100.0,67.51,79.96,58.95,49.24,97.15,B
65.67,95.71,85.97,71.51,100.0,100.0,A
72.37,48.82,22.71,100.0,61.21,92.03,C
63.88,95.77,46.0,31.78,65.83,67.02,C
83.94,63.97,72.55,51.6,56.7,66.25,C
100.0,69.5,20.32,46.56,71.94,100.0,C
90.43,46.57,100.0,57.31,94.93,57.67,B
39.03,36.83,20.0,100.0,74.29,61.13,S
81.79,68.79,72.42,84.61,64.2,61.8,B
87.42,81.05,62.01,100.0,61.24,61.5,B
81.27,51.5,69.91,39.67,62.0,100.0,C
68.92,49.02,83.41,34.88,56.14,83.65,S
89.08,89.41,45.06,71.11,60.68,65.92,B
93.05,54.01,65.56,61.42,48.58,89.49,C
83.4,25.27,65.55,40.99,91.94,53.32,S
69.65,72.24,61.09,74.79,39.63,99.78,C
82.88,92.19,77.48,57.74,44.32,66.55,B
98.84,92.71,47.61,20.0,65.75,70.68,C
71.25,75.57,77.52,79.79,78.91,47.99,B
69.88,100.0,67.48,66.09,77.19,81.23,B
39.25,60.21,59.24,86.19,70.95,50.3,C
81.45,48.92,35.66,39.65,80.85,93.88,S
82.24,77.64,69.46,60.23,83.94,38.72,B
76.67,44.1,83.26,54.76,70.62,52.42,C
90.25,77.55,71.14,40.11,54.53,78.35,C
64.58,73.7,20.0,47.27,100.0,81.59,S
77.5,100.0,20.0,40.06,61.98,87.88,C
88.13,47.68,79.96,49.13,94.23,59.51,C
73.15,55.2,81.12,46.5,69.15,82.6,C
83.18,82.74,64.22,48.8,63.01,75.39,C
78.74,62.06,60.38,24.62,83.35,77.72,S
90.03,65.0,25.23,50.11,66.0,86.14,S
43.95,65.82,70.27,43.45,71.49,65.59,S
64.06,56.83,45.79,73.04,55.3,61.46,S
100.0,84.21,22.77,41.18,74.85,79.86,C
52.64,88.17,76.5,68.6,97.13,81.78,B
81.73,96.15,82.02,39.49,82.66,65.04,B
82.56,74.53,32.33,55.32,75.31,68.46,C
79.72,81.12,59.39,62.94,97.67,82.1,B
78.01,45.84,73.42,65.26,95.67,75.7,C
47.76,31.0,74.71,45.46,78.74,76.71,S
72.5,63.07,42.69,57.65,58.31,69.42,S
70.15,60.47,78.44,55.14,90.47,98.07,C
87.82,75.69,66.54,77.04,71.79,89.77,B
84.21,57.8,77.92,60.01,67.88,67.86,C
77.49,84.93,77.78,65.77,81.99,94.08,B
72.75,42.69,86.02,46.34,56.19,48.06,S
83.57,32.57,44.99,70.94,84.44,65.22,S
72.99,47.55,49.03,63.86,59.97,71.34,S
53.03,87.66,70.2,75.44,95.81,62.62,B
69.62,27.1,100.0,54.71,90.77,56.43,C
89.95,100.0,58.79,35.76,67.22,41.6,C
74.43,81.42,59.28,51.75,80.55,84.06,C
50.1,66.78,100.0,28.63,68.29,100.0,C
91.56,54.73,64.12,57.95,55.04,73.89,C
70.8,67.25,45.03,29.91,69.17,100.0,S
76.23,58.37,75.08,54.52,100.0,74.94,C
85.51,49.91,70.06,64.05,68.87,67.47,C
65.43,70.65,72.58,55.2,75.75,74.43,C
76.48,60.99,60.36,100.0,76.23,84.68,B
81.57,59.74,85.88,51.59,91.1,69.99,C
60.6,72.31,37.91,69.78,46.12,70.21,C
53.52,100.0,26.92,58.22,92.87,90.55,C
87.77,58.66,87.02,78.09,74.25,78.61,B
70.44,46.81,84.74,86.87,52.32,72.69,C
72.85,64.35,61.29,78.83,55.06,62.3,C
93.55,55.75,34.74,47.33,63.4,98.32,S
88.87,87.95,76.4,78.82,56.24,72.02,B
60.15,60.79,73.68,60.96,96.23,57.88,C
82.5,40.03,61.88,74.29,65.71,83.27,C
60.6,31.73,71.14,96.37,50.08,93.33,C
75.65,38.29,37.37,58.35,61.91,55.31,S
49.59,48.07,63.88,57.86,59.98,78.03,S
90.6,72.88,57.57,78.42,50.8,71.63,B
71.98,40.26,51.6,20.0,100.0,60.94,W
98.79,65.76,71.3,47.25,74.16,84.76,C
84.97,80.5,52.63,47.43,38.12,82.85,C
91.24,97.32,66.1,41.14,36.06,90.63,C
48.06,58.19,55.51,56.47,70.72,77.07,S
38.77,65.29,20.0,74.11,58.9,42.64,S
62.79,53.6,83.81,62.33,76.89,92.72,C
73.56,80.08,73.68,29.7,99.46,53.7,C
88.76,34.66,72.02,98.96,65.74,71.15,B
84.16,58.41,96.37,62.23,63.6,66.9,B
61.01,52.44,52.99,47.27,56.84,100.0,S
59.55,67.93,71.85,71.86,68.83,71.39,C
81.77,70.33,54.82,23.64,60.64,57.8,S
64.99,65.66,67.17,97.17,59.25,86.62,B
79.59,90.92,71.52,35.81,35.54,79.67,C
67.07,45.39,34.65,61.54,100.0,68.87,S
83.85,62.95,34.21,74.17,48.11,75.32,C
69.88,82.86,38.84,66.6,53.2,67.33,C
30.0,100.0,71.01,41.12,47.51,67.57,C
85.75,27.16,57.17,96.95,47.32,76.21,C
100.0,77.64,62.52,69.15,61.98,94.49,B
69.01,25.82,52.17,36.73,64.38,71.11,W
92.96,78.91,65.27,57.94,48.82,42.28,C
76.7,80.89,57.83,46.23,79.29,73.75,C
100.0,89.65,79.19,74.67,44.2,84.94,A
80.64,77.13,69.85,67.96,100.0,73.86,B
89.05,55.58,75.81,78.67,77.29,100.0,B
61.74,55.26,64.25,77.38,73.59,94.29,C
65.07,42.19,66.16,56.3,80.86,74.59,S
69.9,63.5,60.58,51.29,65.94,68.95,C
87.85,68.88,100.0,61.54,58.98,100.0,B
81.2,84.8,71.84,71.71,80.71,58.47,B
80.51,38.5,56.51,42.04,77.15,80.01,S
82.22,70.75,47.86,52.26,88.41,91.02,C
57.8,34.38,45.46,80.99,94.3,61.13,S
79.61,100.0,68.31,89.27,89.97,61.35,A
72.15,65.7,62.08,78.16,78.17,30.96,C
55.31,21.25,63.51,63.29,75.66,60.62,S
85.11,79.33,34.9,25.75,70.0,100.0,S
100.0,76.27,45.4,77.51,60.95,63.49,B
42.84,67.05,47.4,60.12,24.01,77.55,S
38.53,86.76,70.44,51.87,81.25,60.33,C
76.09,80.9,20.0,48.16,69.55,72.06,S
96.86,42.52,47.58,20.0,100.0,71.31,S
68.42,63.95,72.72,65.64,100.0,81.81,B
68.02,53.77,52.14,24.96,70.8,86.75,S
65.8,48.85,90.32,26.62,28.64,57.71,S
51.89,72.72,52.79,53.17,93.06,64.63,C
86.63,95.23,50.89,74.21,65.16,88.86,B
51.43,32.09,52.17,38.44,59.67,71.71,W
85.8,56.85,43.52,50.27,54.62,60.99,S
50.8,66.39,48.63,79.26,41.05,66.87,C
100.0,46.21,55.27,31.25,43.03,98.21,S
77.57,67.67,26.07,65.89,93.15,92.24,C
85.02,42.41,66.26,72.69,34.11,58.18,C
88.32,82.52,29.03,75.49,71.91,86.72,B
65.48,77.9,76.88,50.27,70.36,65.27,C
99.77,62.59,41.56,42.25,72.54,86.3,C
54.96,100.0,66.17,68.26,68.06,75.29,B
72.78,85.36,59.84,74.88,61.32,77.93,B
62.94,89.33,43.33,50.85,63.7,69.69,C
85.84,58.67,87.88,39.99,73.39,63.36,C
81.31,64.68,56.9,84.15,56.91,83.8,B
63.47,67.25,36.09,43.42,68.36,100.0,S
76.51,98.09,64.41,49.48,100.0,81.56,B
65.36,74.41,54.15,20.0,88.72,91.42,S
100.0,73.44,55.03,76.37,87.0,99.57,B
74.33,61.69,45.69,69.82,39.03,86.64,C
83.82,76.7,62.76,91.73,87.44,65.89,B
66.16,47.41,71.03,36.0,91.67,94.84,S
61.81,61.29,60.33,77.45,100.0,49.72,C
70.23,59.68,31.99,47.33,78.56,70.82,S
51.83,100.0,65.32,60.46,48.04,78.91,C
72.54,27.23,38.59,75.49,100.0,80.51,S
91.55,61.88,58.27,82.0,100.0,94.52,B
59.0,63.66,65.55,52.29,77.76,87.31,C
90.04,98.72,53.41,27.99,77.16,100.0,C
67.85,78.74,73.91,62.21,70.14,61.15,B
40.78,42.76,52.19,82.14,67.94,67.21,S
61.64,78.14,87.17,81.4,82.12,52.87,B
69.72,100.0,82.44,24.17,68.89,80.45,C
63.57,20.0,61.98,40.67,54.32,69.68,W
72.99,64.82,42.32,53.16,34.85,79.67,S
32.16,59.21,78.38,34.69,84.33,92.34,S
30.0,61.97,20.0,55.4,69.86,37.76,W
100.0,70.72,43.02,90.24,34.09,56.56,B
40.51,100.0,66.65,72.51,76.02,83.61,B
76.17,70.42,62.15,44.61,69.07,79.1,C
76.66,35.44,33.1,81.82,63.86,83.77,S
58.62,35.54,43.13,53.1,56.7,94.41,W
77.69,100.0,68.09,20.0,91.12,52.36,C
78.46,49.51,100.0,89.67,55.16,73.09,B
78.67,82.27,60.58,35.45,55.65,74.93,C
93.52,73.56,44.53,72.26,62.26,88.36,B
100.0,57.82,76.03,41.6,67.75,75.44,C
72.09,100.0,53.87,70.91,31.4,81.48,B
92.13,54.45,20.0,57.15,70.34,85.86,S
100.0,57.4,42.87,32.33,73.96,82.19,S
66.82,80.57,69.31,58.95,51.95,67.77,C
38.55,69.72,60.53,62.15,80.09,80.79,C
73.34,65.97,31.91,45.16,71.01,63.96,S
87.9,51.83,64.33,60.56,84.93,88.51,C
85.41,22.88,83.88,91.6,60.36,78.55,C
61.64,26.03,45.23,46.12,62.9,60.62,W
64.0,64.78,44.6,69.96,83.63,100.0,C
91.89,69.86,47.59,64.46,76.53,67.3,C
86.76,37.04,55.11,70.23,64.25,71.9,C
72.93,48.29,83.48,35.6,76.36,81.2,C
60.77,66.46,41.81,88.6,47.22,65.19,C
56.64,37.85,91.82,69.94,72.81,65.15,C
88.61,48.52,75.87,38.8,57.11,86.37,C
87.96,76.95,39.01,48.17,73.14,62.26,C
95.56,20.0,44.43,46.79,13.12,54.06,W
84.38,65.61,91.46,91.99,78.66,79.7,A
75.99,20.0,32.11,60.21,82.32,79.35,S
61.61,83.75,89.65,78.64,89.79,66.61,A
91.14,67.92,70.23,66.04,67.57,62.1,B
73.77,84.74,51.17,77.65,84.74,70.52,B
95.83,57.89,90.19,67.55,69.68,61.68,B
73.68,60.92,34.83,53.21,53.92,83.79,S
94.59,40.46,94.25,55.17,50.5,86.37,C
68.3,63.37,51.91,40.03,84.48,70.71,S
53.45,76.02,35.89,32.63,93.85,57.05,S
40.25,77.46,53.92,53.21,63.71,78.48,S
63.71,94.52,30.48,67.79,82.84,63.61,C
59.64,85.34,40.18,44.65,87.75,75.52,C
48.04,99.94,49.4,49.14,75.12,84.38,C
100.0,31.8,76.52,74.35,67.26,86.81,C
89.01,37.36,95.0,23.71,47.29,71.07,S
100.0,58.83,59.36,89.51,63.99,57.32,B
68.74,92.42,61.42,100.0,84.76,65.33,A
75.77,47.94,46.63,100.0,90.37,87.92,B
65.65,96.39,81.99,99.4,100.0,52.81,A
58.35,44.92,41.12,65.12,58.66,100.0,S
100.0,64.87,99.11,90.74,60.99,44.86,A
71.73,52.11,64.13,59.96,71.26,82.86,C
56.81,73.23,51.21,62.4,89.15,56.63,C
70.78,62.63,49.71,77.8,55.59,66.67,C
64.35,86.84,50.15,68.12,100.0,73.88,B
91.68,98.43,80.54,57.63,82.84,55.69,B
63.3,52.91,100.0,40.12,53.45,59.34,C
83.4,67.85,81.74,72.77,42.39,62.89,B
95.48,60.93,83.75,54.71,50.65,70.45,C
60.48,53.69,64.02,69.26,38.2,74.74,C
66.2,52.03,62.65,45.89,97.64,92.82,C
92.73,55.1,40.75,59.8,66.99,65.87,C
57.36,64.17,51.92,73.14,83.3,91.51,C
56.11,73.02,45.45,31.15,61.43,91.03,S
69.42,96.31,70.98,49.33,93.2,81.68,B
61.01,100.0,65.19,58.41,52.89,92.69,B
82.76,77.58,49.85,76.35,88.24,64.97,B
53.75,76.63,28.53,61.34,61.06,93.28,S
69.11,87.15,49.72,80.0,100.0,58.98,B
79.38,100.0,61.33,59.36,85.77,75.62,B
49.39,87.65,20.0,48.83,94.15,69.65,S
64.59,82.59,42.98,31.11,75.49,72.26,S
56.34,77.74,69.29,50.09,64.17,82.06,C
92.86,59.34,73.09,70.43,87.59,75.59,B
61.32,55.75,66.86,98.01,60.32,87.07,B
70.08,67.21,90.31,74.81,45.17,66.41,B
93.84,67.84,37.02,39.98,84.07,89.92,C
75.27,100.0,76.48,52.64,53.69,60.38,B
80.03,55.22,93.47,90.26,82.66,57.32,B
64.92,90.11,48.74,82.69,79.49,75.78,B
64.46,63.12,63.79,80.72,52.29,71.06,C
75.67,78.25,41.83,29.04,83.48,52.23,S
94.27,61.88,29.05,47.43,77.58,67.01,S
75.3,79.8,55.96,37.38,64.02,96.22,C
100.0,24.6,81.82,63.5,88.48,66.74,C
48.48,76.69,41.18,27.46,43.63,84.01,S
77.09,80.65,73.38,48.74,68.59,67.33,C
71.85,45.65,67.81,81.65,53.67,94.22,C
76.7,69.82,26.01,20.0,72.88,86.85,S
64.93,98.4,74.7,38.02,70.62,100.0,B
56.36,75.57,53.55,73.55,95.35,69.21,C
91.78,100.0,61.33,75.27,58.19,75.29,B
72.35,80.94,84.09,55.59,100.0,97.95,B
87.7,54.68,47.76,40.13,88.98,56.82,S
85.15,43.38,76.47,58.38,96.67,92.12,C
96.53,94.22,62.87,32.51,48.95,43.7,C
58.75,66.38,48.81,54.04,79.85,70.44,C
58.17,63.94,42.03,52.04,96.86,70.94,S
100.0,93.63,48.41,33.56,68.95,92.3,C
67.65,83.16,84.17,40.97,56.48,85.69,C
77.28,51.28,52.96,56.45,38.7,86.48,S
67.82,20.0,59.52,41.69,100.0,66.22,S
58.54,75.16,46.79,40.85,80.19,59.39,S
53.14,99.52,71.59,52.19,69.93,82.59,B
89.6,49.88,67.32,46.85,66.22,77.41,C
74.9,79.71,69.74,24.82,42.84,69.45,S
100.0,47.97,55.84,46.2,58.92,77.67,S
96.01,74.12,43.93,100.0,71.57,66.34,B
96.18,55.62,93.26,38.85,98.6,78.02,B
94.37,100.0,37.35,86.07,41.82,59.29,B
62.95,75.07,60.66,54.32,72.92,83.87,C
85.02,86.88,96.4,57.53,59.58,84.2,B
57.84,51.43,79.99,55.27,45.84,52.65,S
75.73,87.84,82.57,60.44,100.0,73.43,B
72.92,20.0,51.05,76.74,100.0,62.55,S
81.93,85.94,60.22,20.0,74.95,86.42,C
60.79,59.92,36.89,20.0,90.54,74.94,W
98.97,82.15,52.92,56.17,81.32,89.5,B
79.84,87.11,54.07,36.06,68.7,78.08,C
56.98,38.27,68.95,49.06,66.68,69.6,S
97.81,90.24,35.25,46.28,87.0,84.03,C
74.38,42.25,46.35,46.63,75.54,100.0,S
64.7,44.48,57.83,80.7,41.06,96.8,C
72.42,50.31,28.0,73.54,66.58,77.56,S
61.49,58.62,50.27,55.79,56.61,51.99,S
100.0,37.73,63.63,20.0,30.06,76.47,W
77.62,90.23,67.99,54.7,51.01,97.49,B
88.93,40.07,60.76,61.17,63.09,86.58,C
87.48,61.19,54.38,90.98,88.66,76.09,B
50.56,71.88,73.96,20.0,75.04,68.75,S
71.69,46.85,57.04,88.62,61.07,89.48,C
62.91,80.18,60.03,65.74,70.14,84.62,C
36.49,36.6,68.34,20.0,59.39,74.18,W
62.58,51.17,65.43,80.2,50.83,66.37,C
64.03,20.0,62.83,78.56,90.33,61.94,S
56.22,65.43,76.59,61.41,75.79,92.13,C
63.91,60.6,92.69,53.67,44.65,64.96,C
60.93,72.14,42.08,63.96,55.28,43.15,S
79.6,67.97,70.36,43.19,54.41,81.02,C
97.79,65.22,68.49,50.93,39.13,89.51,C
88.63,79.22,56.36,71.14,87.88,99.3,B
89.83,66.28,33.83,61.42,75.13,85.64,C
95.31,63.1,100.0,20.0,78.39,63.02,C
46.39,60.96,30.86,54.45,70.7,91.78,S
52.39,83.17,61.96,80.63,61.36,55.02,B
56.74,39.16,69.56,90.49,58.7,84.44,C
52.15,68.61,73.37,26.14,65.92,85.74,S
30.99,91.71,67.07,73.77,61.75,49.16,C
83.01,63.35,60.64,81.93,85.24,100.0,B
77.31,51.18,56.23,67.14,90.32,52.99,C
75.13,97.19,55.2,78.48,79.86,89.34,B
62.85,48.89,60.41,24.29,64.61,78.79,S
100.0,73.05,72.5,83.62,50.71,72.52,B
100.0,63.42,82.33,79.2,40.44,79.66,B
77.2,71.6,44.92,33.43,60.48,73.53,S
92.77,100.0,87.93,76.92,49.91,68.87,A
78.15,52.35,71.54,73.85,80.73,90.38,B
61.43,83.66,46.09,37.3,80.64,93.24,C
82.32,65.42,66.2,61.0,47.48,56.36,C
73.82,66.6,60.23,72.87,65.69,83.44,C
72.83,100.0,61.61,100.0,77.04,71.79,A
61.51,36.14,40.17,38.65,77.9,67.11,W
77.8,90.64,58.24,100.0,46.48,72.74,B
66.91,83.73,20.0,26.25,67.85,98.27,S
78.39,37.97,36.06,94.81,57.58,60.86,C
97.16,85.22,85.48,37.1,39.5,77.0,B
80.03,72.29,89.56,20.0,87.19,58.55,C
87.84,55.5,43.72,44.58,41.09,75.61,S
63.41,80.73,72.8,95.14,77.33,82.81,B
96.0,52.45,30.23,62.4,41.55,100.0,S
96.83,100.0,61.25,70.11,60.81,88.24,B
56.77,20.0,44.19,25.98,99.56,100.0,W
53.96,90.83,79.03,23.46,62.19,66.3,C
86.22,40.42,58.02,42.91,79.47,71.75,S
66.97,60.73,100.0,48.83,49.18,83.75,C
72.85,36.7,100.0,50.25,62.44,77.4,C
100.0,31.41,65.52,100.0,72.57,56.47,B
65.72,69.14,86.62,50.53,86.53,53.47,C
53.34,55.34,88.76,59.52,75.8,79.17,C
91.64,52.8,73.77,39.72,100.0,62.99,C
61.76,75.99,61.6,65.19,74.55,58.64,C
99.2,82.87,87.18,46.38,78.33,77.96,B
91.92,88.2,63.86,24.61,100.0,83.34,C
65.87,73.13,29.78,81.22,40.58,71.69,C
78.67,85.78,62.13,71.97,69.44,74.52,B
76.28,61.22,26.27,41.1,74.9,71.26,S
72.66,58.53,42.73,47.15,63.86,75.08,S
80.9,61.39,39.41,27.24,100.0,58.05,S
67.22,75.34,67.22,69.46,61.15,78.58,C
75.92,58.76,64.91,81.22,69.56,74.77,B
91.02,84.23,91.68,20.0,88.1,84.02,B
61.72,70.03,81.02,39.76,78.85,88.07,C
58.93,62.15,66.02,40.49,52.42,72.97,S
87.02,77.87,42.77,72.35,53.28,50.85,C
69.49,87.46,73.12,57.97,61.67,69.15,B
76.63,43.63,53.04,53.26,42.98,62.42,S
81.16,65.19,53.82,37.95,100.0,62.43,C
78.77,55.24,60.73,68.07,42.59,74.9,C
92.86,100.0,57.4,58.92,100.0,92.02,B
65.74,52.62,79.13,35.76,91.75,80.01,C
82.77,59.87,47.4,90.16,65.07,68.84,C
73.8,68.86,39.38,45.57,57.64,87.68,S
61.71,29.88,20.66,25.65,97.23,75.24,W
82.52,75.73,61.12,56.35,90.89,77.19,B
95.99,77.42,47.64,47.06,55.45,93.26,C
68.92,49.03,66.4,55.86,75.89,100.0,C
88.7,65.54,31.83,47.0,84.22,57.43,S
100.0,65.29,60.98,43.33,79.93,57.63,C
100.0,91.35,79.69,27.41,74.11,93.14,B
83.9,44.96,47.0,48.06,57.93,97.93,S
46.18,78.12,34.15,36.85,29.81,66.76,W
97.66,70.3,36.03,80.38,94.63,76.56,B
100.0,81.43,73.65,40.33,82.55,78.25,B
82.8,51.31,62.56,40.03,27.06,89.97,S
52.46,67.14,66.66,65.18,64.34,79.07,C
82.06,79.7,94.67,63.15,71.28,61.4,B
81.54,78.35,56.15,69.98,64.15,85.06,B
88.69,82.97,62.36,35.12,57.76,83.93,C
100.0,58.19,69.12,45.77,50.52,64.86,C
43.76,92.07,20.0,52.2,46.44,61.73,S
95.65,69.02,40.69,45.03,54.69,74.35,C
77.59,100.0,21.67,57.23,63.69,89.2,C
80.32,76.81,66.9,37.5,94.23,86.98,C
88.73,90.28,68.35,90.58,77.55,71.71,A
74.9,64.52,49.61,93.9,75.93,76.42,B
80.82,100.0,37.37,39.41,42.39,71.51,C
78.68,55.69,49.21,61.13,59.96,79.65,C
91.71,78.54,77.62,81.89,75.66,72.62,A
63.42,57.18,49.53,74.1,76.94,85.45,C
57.59,93.63,51.46,33.8,61.22,100.0,C
69.18,58.5,56.16,54.73,54.37,77.15,S
91.13,71.29,37.78,50.42,58.97,75.79,C
94.96,62.02,58.24,97.11,87.52,83.61,B
100.0,74.8,20.27,76.32,38.16,81.78,C
49.29,55.66,52.72,41.06,63.02,90.49,S
64.29,75.9,40.69,53.83,76.48,60.05,C
55.32,74.84,82.46,56.26,60.85,77.34,C
75.83,69.86,20.0,34.48,53.1,77.26,S
77.79,77.72,65.15,29.38,98.94,94.08,C
56.13,71.65,48.09,61.06,91.07,100.0,C
86.27,70.9,53.2,62.01,97.2,74.33,B
61.71,32.61,70.26,63.44,57.08,90.39,S
68.67,62.31,59.67,50.28,74.72,92.27,C
57.86,74.77,63.44,61.38,87.44,75.74,C
82.2,79.32,49.91,64.58,64.98,73.01,C
70.17,74.42,61.63,66.68,69.65,50.94,C
75.47,66.27,64.85,44.94,46.09,84.37,C
70.9,68.42,54.37,57.87,61.01,60.48,C
82.11,52.94,63.28,67.03,58.26,56.94,C
100.0,54.44,72.47,100.0,85.8,70.49,A
73.99,48.35,77.63,70.46,59.71,59.37,C
55.18,84.73,62.41,62.73,53.54,53.05,C
89.44,65.84,78.14,49.51,65.26,85.7,C
85.99,80.95,54.1,71.52,92.18,73.43,B
67.3,91.85,46.91,71.85,68.83,47.38,C
91.93,20.0,20.32,69.6,80.54,65.44,S
77.22,20.0,74.14,63.49,69.09,75.31,S
82.4,64.42,22.52,100.0,94.02,55.73,B
69.82,60.28,81.58,20.0,60.02,48.59,S
70.72,55.55,61.59,44.69,54.98,84.29,S
81.82,76.03,56.46,45.42,67.62,82.52,C
42.35,72.88,66.18,59.37,67.01,36.51,C
68.4,100.0,60.26,51.24,70.34,80.32,B
84.88,60.42,68.5,94.89,90.13,100.0,B
65.15,98.52,44.19,65.78,84.65,67.34,B
76.32,83.21,45.79,94.73,42.31,100.0,B
90.02,63.21,51.95,46.85,67.28,74.27,C
93.83,100.0,63.99,39.4,59.09,72.25,B
59.55,41.42,100.0,64.66,53.34,87.25,C
57.32,43.08,43.94,94.4,64.94,38.37,C
93.15,58.87,23.01,51.03,80.42,81.06,S
100.0,47.94,60.93,42.61,39.16,88.28,S
81.95,70.67,68.54,42.92,49.89,75.56,C
92.42,97.16,75.91,58.64,75.4,75.17,B
59.61,65.49,33.3,55.27,100.0,87.34,C
61.15,63.55,43.31,56.62,90.82,84.8,C
100.0,88.85,64.08,72.9,65.95,58.09,B
94.59,85.18,55.18,64.03,94.82,87.7,B
53.05,69.87,56.65,82.49,90.62,94.78,B
58.23,49.32,82.28,44.98,39.57,82.99,S
66.79,100.0,65.92,61.53,62.62,98.86,B
80.38,56.83,44.12,56.38,50.45,90.43,S
47.87,62.21,72.2,65.53,55.65,84.9,C
61.71,64.55,73.04,68.18,56.5,92.96,C
76.3,79.86,90.58,82.59,92.4,77.89,A
86.91,69.27,35.81,64.66,75.13,83.76,C
73.08,49.77,73.13,29.11,99.18,71.53,S
78.68,76.17,71.81,27.0,86.48,79.55,C
65.47,50.01,53.32,29.43,100.0,97.29,S
81.78,60.53,56.06,74.68,100.0,66.44,B
58.24,95.95,24.26,35.81,65.06,51.59,S
91.68,82.14,48.5,86.15,98.99,73.3,B
68.24,100.0,74.42,63.64,97.27,79.53,B
67.42,66.6,80.77,20.0,64.24,95.75,S
67.32,95.92,88.29,56.56,58.63,70.69,B
100.0,100.0,62.51,44.62,72.34,78.66,B
56.35,66.6,86.45,20.0,86.53,95.62,C
66.59,98.88,46.19,67.7,63.86,70.4,B
65.74,78.97,76.98,56.58,42.8,81.05,C
81.33,60.67,97.34,23.59,25.65,64.04,S
85.66,43.88,40.38,78.92,79.25,80.66,C
86.72,56.5,52.42,75.82,43.1,42.86,C
68.5,83.62,65.11,76.86,29.67,79.73,B
84.81,37.98,77.24,55.55,100.0,42.34,C
95.54,57.12,27.66,46.41,75.55,90.56,S
100.0,93.44,40.69,82.86,77.83,65.18,B
71.82,50.8,60.74,41.95,49.44,82.19,S
84.43,61.25,87.35,52.27,63.94,84.91,C
73.01,66.7,20.0,58.37,33.46,56.69,S
54.97,44.15,49.02,47.3,83.29,78.34,S
46.48,66.67,66.37,50.77,68.78,77.85,C
86.47,33.5,55.11,91.18,98.33,87.76,C
83.05,98.09,98.36,55.16,50.61,70.95,B
100.0,33.61,50.59,26.92,72.5,56.96,S
73.37,26.0,72.35,84.89,62.32,72.97,C
72.55,68.62,59.24,74.9,94.66,62.79,B
70.36,83.03,31.57,20.0,74.53,82.45,S
64.17,53.43,44.8,38.93,83.87,57.29,S
71.02,46.89,30.89,77.14,59.6,77.83,S
52.38,50.16,75.12,100.0,30.48,71.98,C
81.18,52.68,76.99,38.93,73.08,67.17,C
93.29,51.47,52.96,78.81,49.44,76.03,C
47.66,43.24,67.64,36.2,59.11,82.4,S
66.31,81.46,64.31,67.59,94.82,79.8,B
98.08,83.23,49.53,86.45,75.28,69.08,B
79.18,87.25,69.1,98.09,91.73,82.85,A
59.61,61.41,61.43,73.33,82.75,77.54,C
76.81,79.41,42.83,95.3,29.06,96.83,B
74.32,85.05,67.28,65.61,81.09,87.14,B
70.07,85.7,38.31,57.88,86.72,89.93,C
81.91,57.13,77.93,43.27,100.0,73.73,C
51.91,41.11,60.87,61.08,100.0,59.42,S
75.59,43.81,50.15,95.05,47.27,83.81,C
80.89,64.52,70.39,32.48,100.0,100.0,C
75.71,100.0,52.02,66.81,98.64,68.11,B
54.28,32.77,100.0,46.36,66.29,58.31,S
89.23,49.37,50.17,64.59,48.72,72.32,C
96.03,73.57,62.61,62.73,62.22,100.0,B
62.82,69.22,62.3,80.19,92.06,74.52,B
79.36,71.57,20.0,23.04,57.9,66.58,W
57.01,79.99,60.04,53.28,44.88,74.33,C
35.6,61.74,61.26,63.32,38.72,78.37,S
59.38,48.75,74.36,100.0,71.03,62.74,B
77.83,83.78,72.42,100.0,55.69,78.78,A
98.23,94.72,21.0,57.93,99.69,100.0,B
85.56,57.64,39.82,100.0,84.57,62.28,B
71.95,71.2,70.88,38.21,57.72,50.21,C
90.6,58.17,69.33,89.29,74.4,73.31,B
77.91,66.26,84.92,64.84,59.11,90.72,B
93.46,38.23,90.66,66.02,75.67,90.1,B
66.5,84.08,52.46,25.55,50.04,83.51,S
60.82,97.2,83.79,87.34,72.5,78.87,A
57.09,84.92,67.6,70.48,100.0,65.91,B
73.11,71.53,41.29,53.87,79.86,70.12,C
94.63,34.78,82.46,72.55,58.62,61.13,C
43.8,49.1,80.94,56.77,93.26,65.7,C
85.61,50.65,40.69,55.64,56.7,51.86,S
72.27,67.13,85.37,78.61,94.4,85.81,B
79.99,40.42,63.0,71.13,99.15,85.29,C
93.61,44.36,53.47,67.45,93.22,72.82,C
73.76,78.74,37.48,93.36,52.42,46.22,C
75.15,98.97,71.73,74.52,70.83,72.71,B
51.83,20.0,63.93,86.88,76.88,84.35,S
98.76,71.58,57.55,39.99,100.0,82.9,C
60.85,41.58,85.06,35.18,100.0,33.65,S
96.34,74.74,62.37,54.14,100.0,85.61,B
61.45,30.62,63.55,57.98,39.6,74.17,S
66.39,65.19,74.52,90.84,88.18,64.18,B
80.53,66.26,33.36,66.76,100.0,75.49,C
51.09,65.61,35.73,77.0,80.5,72.44,C
70.03,60.76,60.17,41.01,42.24,92.08,S
69.22,68.34,65.71,65.08,46.52,49.86,C
66.17,72.91,45.44,50.19,100.0,47.32,C
63.67,100.0,59.11,42.47,93.38,75.83,B
69.78,68.85,46.84,35.62,67.73,59.84,S
75.16,72.09,77.06,82.81,61.89,82.49,B
82.39,71.56,50.41,35.38,80.04,49.4,S
70.98,20.0,33.27,38.7,91.93,85.32,W
66.69,79.59,77.75,54.47,42.31,71.88,C
73.53,40.35,67.34,64.16,78.9,79.18,C
85.95,61.41,64.04,49.25,58.31,95.07,C
44.34,82.54,47.59,41.5,75.23,52.66,S
62.76,48.02,55.57,40.31,100.0,100.0,S
44.67,75.89,77.17,69.95,56.84,71.34,C
63.78,56.59,35.8,55.47,39.94,72.0,S
56.27,69.14,46.41,64.39,91.63,98.84,C
37.08,48.32,53.94,68.13,36.99,60.27,S
76.96,66.7,67.55,67.76,76.77,77.9,B
75.84,78.3,20.0,91.98,25.91,58.81,C
71.6,78.45,20.0,57.38,85.85,89.92,C
64.54,58.98,47.68,49.36,49.36,61.66,S
81.52,67.63,69.83,62.71,84.09,88.17,B
48.87,47.91,55.37,57.5,56.6,88.68,S
100.0,68.72,61.69,76.69,32.68,75.43,B
89.69,52.14,35.47,53.91,68.79,61.37,S
100.0,55.43,36.93,55.94,88.16,75.26,C
82.28,47.57,89.75,70.36,90.95,80.48,B
87.37,47.54,50.17,87.62,100.0,57.79,C
78.75,56.38,46.06,64.27,92.82,81.77,C
70.21,75.3,52.8,67.07,97.93,43.84,C
86.96,34.22,84.57,43.99,45.65,85.43,S
80.46,45.02,34.94,53.88,45.92,59.08,S
76.73,45.68,68.53,90.78,67.03,76.95,C
100.0,41.25,83.82,81.56,87.09,94.38,B
79.21,53.34,81.89,82.92,92.11,75.67,B
64.26,68.83,78.84,80.54,61.41,79.73,B
55.37,84.7,44.33,75.28,47.01,90.47,C
79.83,49.37,73.83,45.01,84.99,70.89,C
49.18,45.35,51.39,88.1,88.02,99.36,C
99.8,54.3,56.23,48.95,56.57,47.38,C
74.78,39.29,59.32,100.0,59.81,77.92,C
88.6,70.61,65.85,50.03,65.36,60.6,C
87.69,30.17,79.42,27.12,89.25,69.69,S
56.52,76.59,78.58,48.36,84.41,40.72,C
55.19,90.85,55.53,20.0,56.02,61.15,S
72.51,57.58,63.58,56.47,97.19,81.37,C
81.87,88.3,52.22,30.24,94.14,77.04,C
77.09,52.33,47.66,76.63,89.69,86.76,C
86.89,76.38,62.63,54.14,94.21,69.39,B
80.55,48.92,46.81,52.8,53.92,86.97,S
54.78,66.98,62.65,20.0,61.18,78.84,S
81.43,60.91,73.54,55.6,70.27,78.77,C
88.9,51.49,50.26,43.28,63.36,96.39,S
83.59,42.38,47.99,66.2,51.87,64.12,S
95.17,52.73,79.09,85.62,55.33,61.65,B
70.86,43.23,62.42,53.48,77.21,95.95,S
87.26,74.78,20.68,67.75,100.0,30.0,C
85.34,61.81,43.0,75.62,100.0,86.63,B
69.43,46.13,62.89,77.21,62.26,70.64,C
100.0,86.57,83.0,25.87,55.86,76.12,C
59.98,97.01,88.21,46.26,100.0,74.94,B
100.0,67.89,71.52,88.8,95.55,82.66,A
72.88,75.28,43.68,61.35,47.81,48.29,C
75.76,90.25,78.52,56.2,100.0,66.46,B
46.23,21.36,36.38,75.97,57.3,81.91,W
99.69,43.0,69.57,69.86,52.79,95.31,C
70.68,57.32,100.0,69.5,88.51,95.32,B
65.24,90.0,49.96,46.02,64.56,65.67,C
87.33,70.34,50.18,72.84,64.5,70.08,C
75.73,74.27,67.8,50.01,86.94,71.66,C
65.18,35.64,79.66,58.27,74.22,90.69,C
67.84,37.51,61.4,64.78,64.74,97.11,S
37.71,87.4,75.82,68.05,10.0,94.26,C
59.6,54.85,56.59,66.96,82.79,88.39,C
87.24,70.06,68.32,34.0,54.98,88.43,C
87.56,79.48,49.71,78.03,46.78,91.16,B
71.09,98.68,29.57,96.79,62.77,69.31,B
77.92,51.06,58.55,41.77,55.98,82.3,S
61.48,49.64,32.54,46.91,96.23,62.31,S
64.03,68.88,52.58,100.0,66.75,80.03,B
89.16,83.49,64.67,54.46,100.0,73.5,B
68.37,52.08,25.46,76.08,23.04,74.91,S
71.93,100.0,23.37,38.18,67.28,72.04,C
66.76,63.38,34.81,65.86,23.57,74.61,S
65.99,85.33,95.11,50.72,97.81,70.26,B
60.51,99.92,70.42,58.1,83.74,79.11,B
73.96,38.47,54.59,71.71,67.54,88.53,C
80.75,47.44,33.62,54.54,59.52,80.04,S
64.23,52.69,81.06,61.26,55.95,75.26,C
95.68,70.88,71.86,41.45,90.53,100.0,B
63.13,41.36,63.51,77.26,68.17,59.2,C
73.37,76.96,51.86,71.36,93.29,78.6,B
74.58,81.59,42.88,37.0,64.67,67.62,S
62.95,100.0,100.0,50.22,71.83,72.18,B
91.61,91.11,24.45,68.47,43.86,100.0,C
81.6,48.53,55.17,51.64,80.5,90.63,C
57.78,100.0,92.11,38.74,71.46,100.0,B
93.49,58.27,76.29,100.0,72.1,65.51,B
77.59,69.93,49.51,67.72,44.91,65.02,C
86.37,29.9,78.06,20.0,35.37,67.52,W
79.3,91.51,61.15,52.58,81.59,61.94,B
77.09,41.01,61.65,55.14,53.91,77.48,S
77.38,88.51,27.89,56.33,54.79,88.05,C
86.31,75.16,45.92,77.48,39.4,48.97,C
55.86,64.33,73.5,20.0,96.45,76.97,S
51.48,67.02,81.85,71.19,91.98,54.51,B
68.79,46.51,94.35,72.07,100.0,67.99,B
64.13,62.14,87.57,49.95,72.49,76.45,C
75.59,51.95,57.25,54.04,69.85,89.15,C
100.0,48.19,52.16,39.85,73.74,66.92,S
78.6,87.07,20.0,68.82,60.8,81.91,C
61.55,88.93,78.27,70.5,85.86,63.82,B
65.71,80.05,44.65,89.8,63.53,82.53,B
100.0,50.88,61.38,81.19,89.03,70.08,B
67.25,60.34,88.96,51.86,71.56,68.6,C
85.58,68.11,39.93,36.69,30.03,62.53,S
86.91,91.48,73.71,70.2,67.47,86.62,B
79.29,100.0,58.03,87.55,87.48,86.03,A
44.83,83.58,57.45,48.23,40.34,74.92,S
75.5,38.94,30.53,68.71,87.43,77.85,S
92.26,63.27,58.91,37.83,38.8,100.0,S
91.97,37.15,63.12,55.8,64.52,68.86,S
80.72,81.36,68.05,55.35,66.86,89.05,B
81.95,66.45,59.28,65.6,60.63,87.32,C
58.86,56.77,72.22,33.08,38.54,75.95,S
49.55,39.02,75.13,53.49,95.71,56.93,S
73.59,72.99,36.59,80.7,80.21,50.86,C
74.43,72.72,48.2,25.44,75.57,100.0,S
69.2,96.38,44.95,62.74,85.43,74.87,B
70.53,79.52,97.83,64.61,59.68,72.15,B
100.0,67.7,48.11,32.81,33.48,80.45,S
84.82,57.07,59.7,32.25,72.66,82.22,S
66.97,98.81,43.26,64.24,86.97,73.84,B
72.17,36.42,87.15,54.26,80.75,85.09,C
65.58,61.05,86.69,33.42,100.0,63.83,C
57.31,67.65,100.0,20.0,67.18,82.14,C
75.5,72.64,45.64,44.81,67.03,58.05,S
74.33,57.23,50.6,65.05,33.59,71.56,S
100.0,43.28,85.71,59.2,57.94,55.19,C
77.1,94.07,52.22,56.22,90.21,80.11,B
51.42,66.98,90.24,57.19,15.17,80.82,C
72.02,28.42,26.42,79.45,55.35,61.39,S
74.47,52.12,62.0,53.54,46.0,67.33,S
81.64,65.84,58.36,100.0,84.62,87.79,B
72.51,69.4,51.38,75.11,67.79,78.34,C
77.41,64.64,100.0,43.33,56.49,85.41,C
66.07,59.17,38.27,68.81,80.09,70.27,C
85.72,27.84,45.86,54.26,46.55,48.77,W
70.38,78.88,85.64,45.96,84.66,84.55,B
93.28,58.0,24.03,59.54,49.72,64.15,S
70.48,58.22,62.83,73.47,62.65,80.94,C
75.22,83.71,56.23,56.26,62.51,72.57,C
63.25,47.35,75.52,34.17,63.62,90.23,S
69.71,81.57,48.18,34.87,38.1,94.69,S
57.95,79.94,40.0,86.98,100.0,49.7,B
58.73,80.46,70.26,75.09,58.52,100.0,B
76.77,40.66,54.94,31.52,100.0,65.1,S
82.39,55.59,47.69,20.0,81.96,94.49,S
61.26,34.1,76.07,21.78,94.39,61.43,S
58.45,69.97,39.24,42.44,77.08,38.56,S
99.64,65.87,34.14,35.62,89.83,84.02,C
95.8,51.35,65.93,67.38,83.91,91.91,B
64.24,62.72,47.8,56.84,83.97,50.19,S
91.64,42.22,53.85,85.37,76.56,80.09,C
57.29,44.12,78.83,45.04,60.1,89.46,S
59.25,70.38,60.86,57.94,59.63,66.3,C
58.82,74.65,46.64,79.31,65.51,59.12,C
71.43,56.78,80.18,49.88,64.48,96.17,C
82.62,98.25,85.18,38.48,89.8,97.88,B
97.99,84.76,79.35,51.34,53.25,69.72,B
50.03,91.86,54.33,86.41,45.37,91.24,B
67.58,39.31,92.54,82.36,74.24,75.51,B
81.59,68.89,44.15,48.93,100.0,100.0,C
98.44,74.56,53.25,40.44,55.35,66.7,C
100.0,100.0,74.93,36.87,87.86,71.42,B
42.7,70.74,43.16,40.22,64.99,67.53,S
74.49,63.35,22.48,91.45,50.33,60.71,C
70.07,62.83,89.18,63.93,81.33,79.12,B
78.47,71.19,21.35,52.5,93.25,100.0,C
56.94,73.46,48.58,100.0,42.92,84.37,B
53.89,58.63,59.31,81.53,48.46,84.95,C
75.28,70.46,79.17,29.78,86.21,66.47,C
91.44,71.69,55.81,45.02,86.47,93.91,C
67.01,42.34,73.88,26.13,43.89,59.06,W
68.77,38.27,21.22,33.02,82.85,55.93,W
69.9,100.0,59.02,65.54,51.08,100.0,B
66.88,60.44,86.34,54.0,70.96,70.77,C
70.88,72.41,71.06,43.85,54.68,65.86,C
53.98,33.19,65.94,78.65,87.42,39.27,S
71.32,42.96,62.87,48.81,81.84,74.71,S
46.56,45.66,60.12,59.98,41.89,51.95,S
75.84,36.93,26.63,48.21,60.23,61.82,W
64.44,65.28,45.6,59.56,62.39,77.51,C
88.17,81.78,85.76,76.44,74.77,68.5,A
69.18,47.44,60.09,73.34,55.49,74.44,C
64.84,69.19,49.01,41.73,56.4,82.55,S
73.55,56.43,65.23,48.88,92.53,60.39,C
72.2,36.9,53.06,21.05,84.93,86.5,W
86.76,65.58,42.4,40.39,100.0,96.54,C
76.84,54.69,87.37,42.72,74.58,95.28,C
62.45,81.58,70.41,57.13,50.13,64.13,C
79.34,36.53,62.61,69.9,89.7,54.02,C
94.74,98.91,68.2,35.16,63.44,74.29,B
79.06,65.44,65.62,56.0,75.3,68.09,C
69.93,53.48,98.35,90.21,81.11,94.88,B
86.98,68.63,29.89,52.23,63.3,58.0,S
52.71,74.85,66.49,32.32,55.08,92.42,S
61.83,68.42,56.2,69.14,52.88,76.35,C
77.53,69.6,61.58,65.58,100.0,100.0,B
65.41,20.0,71.91,62.1,91.22,79.27,S
75.88,87.58,85.38,27.5,53.67,73.42,C
76.48,60.48,68.68,79.91,100.0,83.68,B
62.21,62.05,58.49,69.32,77.76,100.0,C
68.08,72.7,100.0,45.13,72.9,60.83,C
76.23,49.4,80.94,61.24,51.29,87.61,C
77.69,84.06,37.05,66.11,85.47,68.65,C
56.11,64.17,84.56,82.77,61.43,55.75,B
68.53,55.63,68.93,55.69,54.93,91.56,C
77.11,73.71,25.5,20.0,41.25,67.79,W
83.65,20.0,91.86,61.75,97.21,61.71,C
82.56,66.7,76.35,52.86,79.46,91.53,B
65.23,69.84,22.24,73.46,100.0,56.33,C
73.63,82.61,60.63,61.63,62.18,68.58,C
73.7,65.83,36.37,56.55,100.0,68.71,C
56.44,61.97,45.71,28.56,72.78,64.35,S
65.63,68.07,29.34,20.0,83.42,46.04,W
60.35,29.0,50.28,67.42,72.25,100.0,S
91.3,46.38,36.06,100.0,91.25,83.84,B
76.12,70.47,30.36,61.45,71.42,61.44,C
66.92,95.3,57.5,100.0,35.19,67.17,B
51.79,40.81,43.44,64.94,75.34,64.81,S
41.58,94.55,54.28,33.44,75.5,78.07,C
70.16,67.97,36.9,74.72,50.06,65.92,C
84.73,89.08,91.72,81.23,63.52,51.88,A
96.08,92.41,46.56,78.27,63.36,97.52,B
67.28,100.0,75.72,97.55,60.72,81.08,A
60.46,81.88,77.98,100.0,79.64,85.86,A
67.94,75.83,52.4,60.55,73.49,69.72,C
75.94,57.49,52.41,81.69,73.51,80.21,C
53.14,73.47,70.61,49.24,100.0,40.66,C
86.77,79.26,70.83,61.88,81.01,88.02,B
64.11,70.98,56.33,33.94,84.34,66.53,S
52.53,54.22,44.02,80.63,73.06,95.74,C
65.0,82.48,100.0,65.83,87.23,85.4,B
53.67,76.72,66.13,52.29,52.32,85.41,C
60.41,100.0,62.28,31.09,59.72,70.83,C
100.0,47.31,57.68,46.17,79.99,67.17,C
57.91,61.09,54.01,44.97,59.22,92.77,S
70.2,42.32,50.76,59.2,43.27,99.39,S
88.01,93.6,67.84,20.0,100.0,62.05,C
63.27,68.13,87.56,81.17,88.13,70.32,B
70.09,71.92,57.4,77.56,86.6,83.87,B
37.11,67.56,57.82,61.7,54.91,55.13,S
81.95,57.87,71.49,43.24,98.32,90.02,C
79.45,60.73,77.05,66.64,74.77,90.64,B
96.4,39.95,38.99,40.83,39.95,74.06,S
84.0,64.57,49.32,82.78,72.81,80.14,B
92.31,62.54,100.0,48.15,100.0,60.38,B
82.76,52.15,82.39,47.48,75.82,65.24,C
89.06,51.88,93.67,36.09,43.09,89.27,C
66.13,64.86,53.56,29.12,68.46,93.97,S
90.05,69.64,82.25,34.69,63.49,80.94,C
73.04,60.06,35.99,20.0,86.36,78.65,S
88.53,56.26,45.74,58.14,87.08,71.53,C
87.03,44.87,56.77,56.46,94.53,78.11,C
100.0,38.05,62.6,61.95,82.4,62.8,C
100.0,65.26,38.26,57.65,63.74,100.0,C
90.75,65.99,57.76,78.92,89.98,31.33,B
84.64,65.56,33.78,77.36,100.0,83.35,C
91.51,100.0,43.39,20.0,83.14,71.29,C
54.39,63.44,74.55,54.72,54.26,71.65,C
74.71,26.41,57.14,28.42,83.18,51.58,W
90.19,56.82,49.14,64.48,52.68,79.18,C
64.02,53.87,68.11,32.95,44.71,78.72,S
74.6,68.37,66.55,59.26,82.16,76.46,C
44.89,30.04,98.56,58.0,89.0,69.81,C
74.13,55.93,100.0,63.57,59.3,50.23,C
100.0,61.73,74.88,76.83,60.74,85.09,B
65.94,45.19,83.29,54.52,80.37,81.16,C
84.57,33.87,48.29,50.86,53.37,81.44,S
92.8,91.9,53.22,64.42,78.91,84.32,B
61.83,100.0,78.53,78.96,94.07,83.01,A
59.59,62.22,26.98,67.13,66.62,74.39,S
93.06,55.86,54.96,58.48,33.2,71.01,C
37.71,53.29,77.1,67.84,58.1,75.61,C
58.88,64.95,100.0,98.61,71.05,77.4,A
60.31,48.96,67.24,46.45,88.08,98.55,C
79.99,67.03,26.38,74.45,47.13,68.73,C
89.39,85.6,50.67,49.0,56.01,57.03,C
65.48,32.74,73.66,66.68,81.21,60.68,C
57.07,66.07,61.28,54.76,64.21,100.0,C
81.39,100.0,85.38,95.47,48.51,83.9,A
68.52,31.73,89.92,51.54,48.9,68.78,S
63.06,51.13,55.57,96.08,56.67,99.89,C
87.73,72.93,74.96,58.3,95.72,83.5,B
50.03,70.93,75.68,51.64,72.53,65.81,C
54.34,33.99,29.26,72.72,20.19,65.0,W
63.52,59.36,22.87,66.89,44.54,91.99,S
65.67,63.09,60.08,63.37,70.74,68.59,C
80.15,74.32,44.7,67.38,93.83,85.59,B
88.99,68.44,41.28,40.19,76.4,89.14,C
100.0,84.64,36.59,41.12,100.0,71.78,C
75.71,45.79,91.3,69.01,54.51,60.09,C
79.61,65.88,76.64,70.03,64.71,66.84,B
72.6,53.99,57.4,58.36,52.04,84.46,S
69.44,48.16,52.97,63.33,71.66,81.33,C
88.48,91.1,65.71,34.47,64.62,59.94,C
100.0,100.0,73.01,76.89,75.02,80.49,A
51.04,63.52,42.38,64.19,68.81,100.0,S
88.75,70.69,54.66,94.87,69.4,79.98,B
75.63,56.92,60.73,20.0,39.05,80.24,S
98.52,71.96,45.59,26.26,85.69,66.49,C
84.65,72.8,69.57,58.74,77.67,73.21,B
65.47,45.73,20.0,54.02,100.0,85.95,S
78.42,50.32,79.95,55.38,100.0,60.28,C
63.75,48.05,30.36,37.39,72.06,64.32,W
30.0,86.49,26.32,70.96,70.62,100.0,C
89.95,54.91,45.96,91.06,40.48,77.86,C
73.03,58.14,67.07,62.17,79.15,77.08,C
81.27,66.87,46.81,58.09,55.71,63.29,C
69.96,62.61,60.7,78.16,60.03,77.95,C
76.77,52.83,61.47,80.06,73.73,78.4,C
64.42,100.0,47.03,21.31,87.2,73.28,C
70.45,54.09,97.43,65.8,81.0,77.44,B
79.05,92.97,54.98,25.95,87.36,82.45,C
76.62,74.42,52.59,58.46,67.37,66.13,C
92.84,36.75,100.0,77.3,34.44,71.64,C
72.47,72.84,40.21,58.7,67.58,63.94,C
61.85,83.38,26.07,68.51,85.95,71.72,C
75.79,88.27,45.9,44.76,60.09,92.48,C
94.38,37.08,80.12,76.02,100.0,80.78,B
74.34,87.9,73.98,100.0,89.17,77.3,A
57.39,53.38,31.28,53.27,88.52,74.94,S
90.33,71.75,51.94,59.93,79.44,77.09,C
77.26,49.62,51.34,100.0,94.57,52.89,B
39.5,66.52,77.87,46.56,90.43,75.89,C
72.55,80.12,49.36,51.69,83.4,74.53,C
100.0,78.88,72.58,56.91,87.5,70.16,B
79.24,46.67,80.79,64.39,100.0,100.0,B
86.45,66.37,41.08,77.9,74.21,83.07,C
100.0,48.51,41.51,52.8,86.42,83.32,C
61.56,80.13,35.98,39.57,67.69,66.7,S
88.35,70.73,95.31,52.56,67.56,93.16,B
73.64,94.88,70.82,20.0,93.55,88.69,C
89.27,26.78,46.74,45.05,53.18,100.0,S
74.82,64.27,71.04,70.52,10.0,65.3,C
53.81,73.01,54.22,58.34,28.43,70.35,S
91.73,93.19,74.38,28.62,95.19,85.86,B
73.24,24.5,79.07,44.97,76.92,76.03,S
98.08,62.49,59.7,92.73,56.84,87.21,B
72.02,44.95,60.02,73.22,97.07,97.12,C
70.58,45.26,53.63,32.01,65.65,69.88,S
85.91,20.88,45.33,42.04,93.74,58.29,W
78.4,62.44,80.86,71.11,72.42,66.68,B
47.21,69.94,70.61,23.35,45.33,78.78,S
80.09,45.19,48.52,20.0,97.55,55.5,S
83.13,64.3,85.79,40.57,71.23,49.52,C
45.92,76.93,24.3,52.98,90.23,86.2,S
65.03,33.23,70.19,87.53,56.76,62.95,C
67.13,76.43,84.57,30.73,40.03,100.0,C
72.34,70.06,46.16,68.78,89.2,79.5,C
100.0,58.47,54.74,63.09,79.3,78.42,C
55.73,71.25,52.52,45.22,70.65,60.58,S
57.97,20.0,94.94,70.23,67.66,64.99,C
31.86,50.43,74.32,78.73,82.85,77.38,C
94.56,58.43,81.7,49.54,52.38,59.91,C
59.03,78.18,45.15,35.27,84.27,79.92,S
89.44,75.25,44.94,59.67,72.5,61.21,C
58.43,51.39,100.0,48.92,94.66,67.97,C
88.33,83.05,79.05,66.53,97.55,80.68,A
100.0,32.6,66.97,64.23,51.27,83.69,C
52.65,51.92,20.02,92.29,65.37,100.0,S
87.04,73.96,48.28,34.98,80.46,73.93,C
54.91,34.66,40.83,98.06,100.0,78.07,C
77.23,58.27,41.31,88.25,100.0,61.6,C
73.76,56.0,51.6,84.09,43.76,82.0,C
85.92,62.16,77.86,61.25,94.34,52.17,B
69.77,63.56,20.0,34.11,53.73,89.22,W
64.4,48.64,76.35,22.41,28.58,69.58,W
53.28,36.81,71.47,77.27,85.78,91.63,C
93.62,22.43,69.01,46.35,55.05,83.41,S
49.05,29.98,72.67,68.73,72.73,61.8,S
86.16,78.61,61.71,32.1,61.5,87.57,C
94.91,58.47,55.01,54.44,75.5,66.28,C
31.59,88.86,95.89,44.53,48.67,72.94,C
72.19,84.91,61.09,40.56,43.63,87.98,C
83.99,86.21,40.64,98.45,35.13,85.64,B
46.36,49.19,91.22,76.29,59.08,67.22,C
76.51,75.28,85.03,47.96,37.76,77.35,C
68.14,38.99,65.95,53.31,76.13,61.58,S
82.3,38.66,43.45,52.66,100.0,86.77,S
91.16,93.34,100.0,58.91,98.41,90.19,A
89.94,100.0,51.61,47.03,76.4,72.26,B
79.78,96.25,50.44,51.3,73.49,71.58,C
46.29,53.4,73.75,89.63,46.91,57.61,C
75.45,23.49,51.1,20.0,97.38,63.46,W
99.79,87.27,47.07,34.42,66.13,73.43,C
80.19,49.47,74.93,63.84,63.19,64.32,C
72.23,48.66,61.17,59.88,75.23,100.0,C
73.01,85.09,64.59,52.76,67.62,74.12,C
79.2,45.81,30.69,72.39,87.96,86.18,C
77.32,80.34,74.27,75.33,52.81,58.55,B
69.17,64.65,55.16,20.0,100.0,70.89,S
77.59,89.89,20.0,46.74,62.26,69.96,S
72.4,93.94,73.47,79.08,70.94,54.01,B
43.8,34.41,67.2,58.7,65.8,69.47,S
100.0,48.54,78.56,58.04,68.78,92.65,C
96.94,60.21,75.98,66.01,70.15,78.06,B
64.68,58.88,48.39,77.83,68.1,55.53,C
64.15,20.0,50.11,58.83,67.28,100.0,S
83.62,75.61,27.13,49.98,60.27,63.21,S
63.0,28.84,34.48,77.23,67.14,67.4,S
74.92,88.35,60.08,69.89,53.07,65.72,B
80.31,100.0,88.6,70.82,73.03,96.02,A
86.92,20.0,38.92,65.44,34.26,61.54,W
64.5,59.88,54.25,51.64,86.51,71.02,C
69.23,38.02,80.49,43.23,48.26,78.2,S
63.5,54.48,65.17,50.82,100.0,73.88,C
84.27,26.17,42.79,34.09,50.91,81.23,W
90.53,71.89,55.47,44.12,92.27,100.0,C
77.03,83.79,66.87,74.62,46.71,67.68,B
80.93,89.25,43.64,20.0,60.03,90.15,S
51.24,41.46,63.12,55.45,81.89,56.57,S
70.13,88.9,36.14,90.49,48.65,87.74,B
69.41,42.1,50.06,69.99,69.86,91.78,C
96.54,41.34,34.87,29.29,52.02,91.56,W
83.41,54.1,59.78,88.89,100.0,78.89,B
35.11,70.95,78.69,62.94,84.53,80.36,C
56.48,47.28,53.58,81.44,54.68,81.84,C
79.56,96.72,59.17,20.0,82.94,100.0,C
85.69,49.25,38.36,37.03,100.0,70.09,S
65.06,61.83,53.66,92.49,49.71,92.71,C
76.83,89.14,91.65,59.87,63.7,75.99,B
73.58,31.86,91.05,63.41,46.74,43.99,S
40.09,80.41,47.62,47.99,79.76,67.26,S
83.2,66.91,58.32,23.4,53.61,84.04,S
64.77,89.11,100.0,72.44,99.86,85.81,A
66.99,69.0,100.0,46.48,49.21,57.99,C
71.74,44.93,93.48,62.76,89.43,70.52,C
57.9,38.81,41.84,65.65,80.4,84.05,S
52.67,64.99,39.48,66.83,79.58,57.42,S
89.52,100.0,76.7,54.42,63.67,71.86,B
63.59,70.05,37.23,20.0,74.39,75.32,S
66.43,39.35,65.79,36.22,67.22,100.0,S
84.77,37.62,34.5,61.34,42.49,44.97,S
82.99,71.42,69.01,63.79,68.69,65.07,B
82.74,95.6,49.98,35.54,47.3,62.0,C
78.04,22.21,68.78,72.17,34.04,60.31,S
76.2,62.13,70.39,54.89,95.3,70.18,C
60.25,43.73,74.71,58.65,82.67,84.2,C
44.7,42.2,39.59,40.05,61.59,89.99,W
92.98,59.14,54.97,42.48,71.78,78.04,C
87.1,80.97,20.0,54.64,97.68,68.43,C
92.09,58.87,63.5,32.99,48.02,85.88,S
88.23,65.53,35.45,58.96,95.14,100.0,C
70.25,31.8,76.81,51.93,88.86,79.22,S
61.75,66.16,86.17,54.72,49.3,51.17,C
63.42,56.8,76.4,33.34,100.0,54.94,C
100.0,99.51,62.82,21.75,68.89,69.2,C
55.89,70.82,43.53,42.27,65.93,66.38,S
100.0,54.29,68.82,61.2,77.06,81.44,C
88.22,70.33,64.5,59.29,67.23,61.32,C
74.09,69.83,68.04,61.97,65.34,74.14,C
66.7,71.26,55.58,61.97,90.02,64.36,C
83.95,65.66,100.0,53.24,83.9,75.23,B
54.18,54.59,77.61,48.48,25.59,74.53,S
58.61,67.64,91.02,74.93,100.0,66.58,B
72.85,44.11,46.32,37.61,43.87,95.49,W
43.62,92.4,84.92,69.0,47.71,51.27,B
66.77,77.5,60.06,35.04,92.96,100.0,C
71.6,67.19,29.82,48.88,80.21,80.32,S
67.38,59.52,51.06,51.87,78.46,45.49,S
73.88,72.0,48.59,47.45,60.99,67.81,C
75.09,67.58,20.0,72.36,64.2,100.0,C
57.13,47.65,55.94,67.09,30.98,62.56,S
83.87,46.04,87.4,48.01,52.01,84.15,C
99.11,73.33,85.21,94.89,51.56,89.08,A
52.15,73.5,58.57,85.34,93.45,83.55,B
79.48,75.17,61.24,56.65,98.85,98.44,B
72.88,69.75,61.63,22.54,63.27,99.0,S
63.75,100.0,83.44,66.83,81.22,61.24,B
71.02,93.83,47.71,81.34,42.46,57.03,B
100.0,64.76,49.23,87.98,94.92,88.81,B
66.45,59.26,66.23,73.28,59.83,77.56,C
79.01,90.74,75.09,24.85,65.73,61.07,C
83.52,83.46,62.03,52.1,71.38,78.13,C
65.4,40.63,20.0,85.88,79.93,80.44,S
93.98,39.89,25.29,66.45,75.87,49.03,S
80.39,57.0,43.86,50.66,21.17,66.13,S
64.44,76.14,56.84,72.06,19.01,62.41,C
83.34,58.82,76.91,20.0,84.62,65.41,S
63.96,84.82,83.24,80.76,100.0,94.0,A
63.07,67.83,52.8,100.0,92.1,72.17,B
88.17,40.36,65.01,37.37,36.23,86.77,S
88.63,74.14,56.34,30.14,46.77,60.46,S
71.49,86.52,81.21,21.73,56.14,64.2,C
37.03,76.32,55.08,55.51,96.92,76.32,C
68.54,76.44,81.18,64.52,83.78,72.82,B
73.77,67.26,44.94,45.5,97.56,100.0,C
98.88,38.53,31.6,31.8,72.69,32.87,W
66.17,93.14,79.65,46.8,61.33,83.51,B
89.03,54.34,55.31,45.55,43.37,71.7,S
70.56,39.79,72.92,68.63,83.91,63.48,C
45.25,74.35,46.72,38.41,44.86,70.87,S
98.66,54.89,38.2,72.34,73.46,43.21,C
84.94,100.0,20.0,30.81,13.03,73.87,S
89.86,67.11,87.84,76.27,100.0,92.4,A
68.96,66.33,42.63,52.93,71.24,73.73,S
95.13,58.4,41.36,38.87,83.1,53.95,S
71.98,91.55,65.85,56.36,69.28,59.56,B
62.14,61.1,65.43,78.86,71.85,95.29,C
99.08,80.91,84.5,36.2,47.02,82.77,C
54.88,59.19,75.42,89.09,64.92,65.25,B
79.81,43.53,56.53,57.82,69.44,76.33,S
62.48,50.46,45.06,22.36,76.84,88.42,W
86.94,59.75,43.78,74.37,82.78,78.26,C
100.0,64.47,54.86,49.2,38.78,84.92,C
73.42,75.2,96.84,49.4,23.24,82.22,C
77.5,50.35,67.95,75.29,51.07,70.48,C
97.15,50.57,61.33,20.0,40.36,77.36,S
93.42,37.76,61.49,49.73,89.06,56.73,S
81.45,51.93,64.46,59.52,64.96,82.17,C
75.65,62.34,52.87,59.71,74.44,60.16,C
69.76,43.9,59.2,44.97,85.42,85.09,S
61.16,64.95,72.77,54.14,55.44,58.61,C
87.81,83.05,55.84,74.86,10.7,94.91,C
72.65,67.84,53.59,88.71,48.79,97.12,B
80.94,77.45,53.42,29.22,88.61,79.67,C
95.42,61.12,51.62,88.54,100.0,75.14,B
63.71,81.21,54.92,71.18,64.81,98.46,B
64.51,74.61,50.23,51.81,61.76,86.08,C
88.78,76.15,57.84,61.08,87.95,88.94,B
34.65,59.56,55.51,72.72,68.66,85.79,C
58.82,70.2,78.0,25.56,100.0,92.86,C
75.02,48.43,56.5,59.84,78.81,97.51,C
67.86,76.25,34.15,48.9,77.53,85.37,C
63.7,56.18,89.21,83.56,74.17,41.45,B
100.0,64.6,53.75,46.51,77.53,80.8,C
89.26,46.48,53.75,100.0,74.49,72.41,B
60.88,75.12,80.62,77.24,64.82,80.42,B
100.0,86.42,44.32,20.0,75.94,86.98,C
58.66,64.82,54.73,60.29,59.11,94.36,C
77.22,47.42,78.35,30.19,95.69,89.87,C
95.85,61.84,50.08,59.85,68.31,65.21,C
66.7,57.67,36.6,72.92,68.95,70.37,C
58.34,41.79,98.72,44.2,82.21,77.44,C
33.37,100.0,73.68,41.11,69.43,57.76,C
100.0,46.85,49.54,41.95,71.61,95.55,S
100.0,57.02,67.57,59.8,50.37,100.0,C
95.44,68.78,91.64,84.67,71.64,79.89,A
97.68,46.08,93.47,53.05,100.0,74.92,B
80.06,64.31,49.36,52.06,97.58,40.29,C
56.42,50.49,38.43,91.22,95.15,83.88,C
65.43,91.7,28.24,100.0,56.31,71.07,B
68.56,43.54,98.5,75.36,94.31,56.64,B
77.71,75.42,65.42,32.47,91.51,76.82,C
60.68,27.89,72.13,100.0,49.69,77.56,C
91.66,39.61,50.4,39.08,89.69,94.88,S
77.39,48.17,51.14,44.13,50.45,73.47,S
83.62,74.81,59.84,59.26,68.37,55.54,C
77.4,53.33,33.05,66.16,57.77,78.42,S
87.71,46.0,61.84,20.0,100.0,54.61,S
67.28,91.77,55.31,31.66,84.26,85.36,C
65.5,54.5,51.29,53.45,32.14,72.28,S
100.0,47.08,48.33,31.96,82.24,93.05,S
92.7,40.04,70.0,89.54,80.19,82.18,B
67.93,69.4,84.73,65.22,45.03,68.16,C
93.14,71.49,62.38,45.81,93.77,99.94,B
93.95,93.85,52.83,47.0,66.87,75.58,B
96.47,88.32,70.77,26.51,36.24,78.61,C
88.2,63.41,98.3,34.19,45.83,65.04,C
64.47,75.53,51.57,23.95,87.83,48.6,S
58.93,32.55,64.14,62.09,100.0,88.71,S
96.62,70.77,40.46,60.82,81.85,85.56,C
67.91,74.78,41.34,35.05,47.68,75.37,S
57.33,56.51,78.06,35.36,59.91,76.07,S
78.7,55.01,75.74,70.99,92.8,73.78,B
67.31,51.35,66.14,49.7,58.62,68.28,S
64.74,68.98,31.75,64.67,83.53,66.29,C
100.0,65.35,28.77,51.81,71.25,81.73,C
71.14,44.77,38.1,43.62,58.84,57.98,W
64.01,78.19,92.97,74.62,96.12,89.61,A
87.5,58.24,62.82,48.75,65.62,76.02,C
85.7,73.47,56.76,59.22,78.67,85.01,C
52.22,43.45,82.15,56.66,61.52,71.05,S
71.04,76.16,37.84,58.55,74.92,80.94,C
78.34,75.32,48.55,37.28,100.0,70.48,C
72.23,78.56,91.92,46.02,50.02,56.37,C
98.9,44.24,59.45,36.5,41.03,70.61,S
60.93,51.17,100.0,67.35,88.63,87.37,B
73.49,56.21,64.98,61.71,58.62,76.95,C
64.41,61.57,53.29,30.08,22.98,60.91,W
100.0,58.81,75.52,20.0,49.83,54.68,S
71.97,100.0,69.2,95.3,64.91,95.47,A
100.0,62.81,49.21,29.01,63.82,76.23,S
100.0,39.1,61.19,20.0,61.46,79.67,S
82.69,76.78,67.95,70.77,70.91,59.28,B
47.23,54.07,57.31,85.59,67.99,72.05,C
80.78,59.6,76.21,100.0,100.0,76.46,A
80.05,96.58,57.0,72.94,47.3,70.34,B
92.34,50.64,57.44,23.37,100.0,93.95,S
77.82,75.15,67.92,88.45,59.62,85.98,B
91.16,89.31,20.0,44.82,49.62,77.24,C
44.76,24.09,100.0,71.59,72.42,80.46,C
77.2,84.95,47.35,62.11,74.55,59.3,C
94.15,56.09,80.35,60.53,100.0,59.38,B
58.73,46.89,62.67,91.91,100.0,40.35,C
78.75,20.0,75.9,82.6,69.2,76.26,C
76.1,49.31,68.63,52.91,88.61,73.3,C
62.08,34.28,22.72,86.88,60.84,80.08,S
100.0,53.74,47.45,55.09,70.59,100.0,C
98.49,77.42,88.99,54.08,75.98,70.48,B
55.64,89.08,70.63,58.4,69.95,52.41,C
60.34,71.72,49.42,53.21,67.91,64.76,C
60.48,32.75,57.07,71.61,37.13,74.64,S
79.22,45.21,88.44,49.51,67.97,72.58,C
48.44,85.18,40.89,52.8,81.95,96.91,C
58.8,56.07,87.65,68.2,83.42,59.23,C
69.31,61.64,42.84,21.16,59.79,95.31,S
75.89,92.49,63.58,41.18,95.55,78.18,B
89.43,43.63,80.78,81.52,75.8,62.9,B
74.31,77.23,64.69,71.22,90.24,65.27,B
57.67,64.25,53.41,75.29,48.51,90.31,C
95.3,65.01,61.21,41.11,59.15,68.87,C
96.64,63.56,33.56,63.62,86.53,74.62,C
97.04,80.55,39.02,45.87,74.52,50.01,C
80.05,29.77,80.47,77.96,80.1,64.86,C
77.55,54.73,39.38,50.55,83.97,75.66,S
96.76,80.32,73.17,22.6,64.3,59.03,C
72.25,51.13,52.45,81.35,79.5,90.11,C
50.99,66.16,79.33,91.14,39.04,69.73,B
90.51,61.15,41.79,23.9,51.03,49.67,S
75.88,82.93,34.78,63.67,86.91,74.96,C
50.84,72.72,58.91,54.56,59.06,76.3,C
82.65,100.0,62.25,91.25,77.16,73.51,A
77.23,40.57,66.12,20.0,52.75,76.65,W
92.91,93.61,55.27,61.43,89.69,55.06,B
81.07,48.44,56.56,47.9,78.71,83.25,S
88.37,71.96,63.43,98.79,39.51,100.0,B
70.65,76.42,53.49,42.54,79.69,90.63,C
82.1,54.16,100.0,84.37,88.67,69.71,B
65.62,59.4,81.63,36.21,48.64,83.09,S
79.79,49.59,38.18,89.63,77.14,54.55,C
55.6,57.77,74.66,71.09,92.63,52.64,C
78.36,93.52,86.66,65.9,100.0,84.14,A
90.64,65.89,44.38,38.75,73.63,71.83,S
48.47,44.48,53.63,74.0,69.68,73.92,S
60.2,65.46,86.38,61.42,39.85,56.23,C
83.83,60.51,58.51,44.52,80.07,70.49,C
72.2,47.98,78.43,53.14,82.16,57.1,C
100.0,90.55,21.8,40.36,79.55,55.2,C
73.03,73.53,56.31,69.85,56.13,41.34,C
89.73,84.52,100.0,20.0,85.02,45.47,B
100.0,74.76,40.96,75.16,58.94,79.51,B
78.09,99.88,96.3,44.86,91.16,80.32,A
53.81,51.08,100.0,65.87,90.0,71.82,C
66.9,65.55,54.68,25.15,49.93,85.62,S
69.29,65.51,64.7,64.89,92.93,58.52,C
83.55,80.1,79.72,26.92,75.1,100.0,C
73.51,74.67,75.61,35.44,100.0,82.49,C
82.79,31.76,75.89,69.14,100.0,70.33,C
60.19,51.36,49.9,33.39,95.8,94.92,S
72.06,57.14,23.69,73.31,100.0,65.44,C
73.25,73.69,94.49,62.4,73.91,77.69,B
53.62,36.06,43.84,80.28,63.29,67.06,S
66.79,62.25,94.04,54.67,54.27,75.38,C
100.0,54.94,36.38,46.98,72.58,85.32,S
90.1,44.09,40.98,50.89,83.69,56.1,S
65.89,53.15,78.83,69.62,88.07,95.08,C
70.42,41.25,36.38,20.0,60.82,69.24,W
86.81,65.34,50.19,55.45,49.22,90.38,C
63.21,42.2,76.36,70.63,35.53,87.83,C
63.88,57.52,63.74,70.91,78.91,74.25,C
68.63,73.24,57.63,97.72,81.73,61.15,B
67.84,65.96,85.99,89.04,62.08,61.0,B
59.08,70.05,100.0,69.86,38.12,64.11,B
65.64,48.56,52.24,66.13,83.64,91.38,C
82.86,25.92,38.85,54.52,72.95,87.92,S
75.65,66.01,64.76,52.39,71.74,91.89,C
73.74,64.4,59.33,86.55,47.84,100.0,B
57.35,51.92,74.89,80.67,41.93,58.61,C
79.17,100.0,84.93,52.54,21.62,76.22,B
80.43,57.35,42.99,61.5,51.15,100.0,C
97.75,78.16,61.79,43.48,69.58,99.59,C
88.03,69.07,78.48,70.0,77.93,89.71,B
82.76,82.17,63.23,52.41,59.04,64.99,C
50.92,46.76,41.18,46.84,100.0,72.64,S
78.63,70.47,91.75,45.34,65.55,73.41,C
92.05,91.88,69.49,85.12,73.55,72.41,A
92.68,74.75,45.29,79.94,65.83,70.04,B
88.4,63.22,67.78,72.56,54.34,80.77,B
95.24,45.87,69.0,39.75,90.43,90.18,C
69.69,100.0,82.13,73.55,83.01,89.76,A
60.07,68.89,67.66,49.2,79.3,93.48,C
68.67,63.91,43.59,20.0,85.58,74.61,S
75.71,45.26,56.29,82.13,70.02,75.44,C
78.11,40.27,72.5,30.39,51.21,59.26,S
72.37,57.95,59.98,38.08,90.11,87.51,C
72.39,55.43,48.41,51.18,42.0,60.61,S
87.9,71.04,92.69,51.42,62.77,68.88,B
70.21,51.8,65.42,58.64,59.8,93.77,C
100.0,88.33,71.16,74.76,100.0,86.4,A
66.22,72.85,72.52,36.12,64.3,91.51,C
47.65,39.99,56.47,65.78,42.85,73.1,S
92.31,66.37,78.78,44.97,53.8,87.73,C
80.54,41.29,43.98,92.42,51.51,89.01,C
67.83,64.94,65.89,20.0,40.75,76.29,S
64.14,84.93,27.88,70.44,42.48,69.72,C
59.03,100.0,33.21,55.31,35.46,98.99,C
81.02,67.74,89.49,61.24,74.39,76.98,B
83.45,55.15,55.71,75.83,75.55,73.29,C
53.99,94.96,46.77,79.72,73.52,55.6,B
93.78,70.09,86.71,53.99,84.08,48.56,B
67.5,39.54,52.5,68.38,57.91,87.96,S
62.15,82.7,86.2,80.3,63.12,43.12,B
83.73,62.5,40.43,45.76,98.69,57.94,C
82.02,69.36,52.85,72.18,100.0,70.56,B
71.35,77.44,78.36,55.19,63.89,41.74,C
63.33,42.21,73.69,52.63,64.34,74.86,S
61.95,96.06,85.96,93.6,83.67,74.56,A
99.22,51.38,42.58,44.77,80.46,63.57,S
72.67,32.96,69.62,24.62,51.36,93.26,W
92.7,72.49,65.51,46.32,54.54,69.57,C
52.3,70.05,60.98,37.46,100.0,84.1,C
85.38,55.25,59.97,71.8,73.06,99.03,C
71.94,54.91,72.69,30.18,88.49,55.49,S
84.58,52.03,69.53,77.96,73.07,57.01,C
61.55,50.43,22.1,82.8,72.2,57.97,S
96.84,50.97,65.01,39.84,29.63,54.53,S
68.27,82.97,66.93,61.08,29.8,94.05,C
78.36,62.61,82.65,85.44,93.09,71.29,B
59.95,84.78,32.7,100.0,70.56,59.09,B
56.52,39.45,62.81,57.86,45.28,69.65,S
54.48,76.79,58.91,49.68,44.24,70.5,S
68.78,71.35,63.34,75.43,60.31,47.09,C
89.87,46.28,37.86,57.05,76.05,67.04,S
66.92,57.18,88.33,57.94,50.64,60.63,C
71.24,69.76,69.68,60.73,53.16,68.64,C
86.01,42.08,50.68,71.14,87.51,72.11,C
68.83,38.56,70.51,87.01,100.0,80.8,C
74.24,46.6,22.42,61.89,100.0,94.06,S
91.75,69.91,67.19,20.0,85.25,66.31,C
64.47,58.53,52.86,42.21,70.28,66.63,S
76.5,35.26,55.72,33.88,57.17,77.15,W
50.94,48.55,71.38,26.91,100.0,93.07,S
67.58,49.26,64.04,26.16,29.96,68.11,W
72.99,66.89,47.71,86.03,40.1,57.93,C
82.3,41.77,35.99,60.71,48.93,73.0,S
64.5,47.77,20.0,61.07,45.06,72.48,W
67.32,60.87,57.01,62.26,55.44,93.64,C
47.29,60.47,76.72,68.49,50.5,62.88,C
59.9,76.98,45.2,63.61,75.29,100.0,C
79.7,48.78,30.8,51.93,67.62,41.84,S
64.29,70.95,49.35,79.31,38.83,85.15,C
88.71,84.13,28.68,64.92,56.62,53.91,C
68.79,46.9,78.42,69.29,46.95,64.14,C
69.29,63.55,80.13,73.2,71.03,71.09,B
48.4,90.84,51.06,92.21,73.92,100.0,B
84.09,36.36,47.71,54.28,52.52,69.34,S
54.5,65.11,64.75,35.91,100.0,75.95,C
62.75,32.41,61.2,52.27,85.66,72.85,S
57.09,98.41,68.71,52.41,73.29,82.11,B
53.57,68.15,51.0,69.16,55.2,65.93,C
99.94,89.62,20.0,83.45,68.53,64.38,B
59.89,46.02,46.4,33.2,42.91,59.39,W
79.85,66.0,71.12,56.54,43.87,82.42,C
59.93,77.93,36.68,42.88,62.77,85.12,S
77.64,65.4,97.71,20.0,49.23,58.78,C
48.44,50.61,73.76,44.98,63.34,49.16,S
63.05,55.77,72.85,21.15,60.9,91.3,S
68.32,22.69,85.58,74.17,87.39,48.84,C
97.69,49.53,49.81,42.54,88.94,72.3,C
82.23,66.52,58.1,37.17,100.0,53.05,C
81.18,72.53,83.09,88.54,67.25,82.96,B
100.0,63.7,38.67,49.54,43.91,80.58,S
90.97,62.58,27.58,80.48,34.47,51.81,C
72.32,70.04,68.44,56.54,100.0,75.98,C
90.52,80.74,34.14,54.27,100.0,67.43,C
64.88,68.41,50.63,40.54,60.33,96.48,S
72.95,38.44,29.77,100.0,65.53,81.52,C
63.43,71.42,89.19,43.65,79.17,53.91,C
100.0,70.37,51.74,51.45,59.8,68.12,C
38.29,63.04,57.2,68.75,59.54,63.43,S
74.88,32.75,62.87,20.0,92.42,85.26,S
61.11,78.22,62.23,35.8,29.54,79.75,S
63.09,86.9,60.28,42.61,100.0,83.65,C
30.0,55.27,32.32,40.4,67.11,80.31,W
78.92,86.56,72.73,70.64,74.03,94.3,B
70.26,59.19,21.89,81.24,68.46,100.0,C
68.92,66.77,70.93,33.76,77.17,75.52,C
70.44,88.45,41.93,64.05,99.09,64.4,B
70.55,100.0,69.49,46.86,86.05,66.48,B
51.53,92.45,37.94,100.0,60.21,100.0,B
54.47,85.51,69.99,76.43,89.36,67.53,B
55.37,63.98,64.46,47.62,75.55,79.94,C
61.35,72.9,54.66,42.6,85.75,63.35,C
68.15,66.44,87.49,62.24,80.57,70.54,B
73.82,64.02,65.87,51.49,96.8,69.4,C
49.39,100.0,53.45,86.89,98.1,89.18,B
72.03,70.73,34.51,100.0,52.96,71.19,C
76.48,62.85,46.86,88.68,89.01,79.83,B
69.01,86.29,50.71,92.55,72.22,93.45,B
73.29,66.43,84.51,100.0,100.0,88.16,A
83.84,54.86,65.9,37.91,77.52,81.6,C
45.59,65.77,68.3,56.16,77.16,54.87,C
63.36,85.7,60.01,65.48,59.07,75.29,C
40.47,81.92,96.16,34.57,51.19,81.61,C
97.11,64.96,35.41,53.41,49.4,64.97,S
70.44,46.41,44.44,59.64,74.3,53.64,S
80.95,57.36,74.41,75.17,59.11,84.21,B
62.45,91.48,44.02,65.76,66.25,59.75,C
88.51,52.72,26.0,20.0,52.5,95.64,W
93.87,50.63,52.51,47.77,43.33,60.77,S
89.72,75.08,65.46,28.63,72.01,40.44,C
87.64,70.17,33.1,93.56,34.08,82.95,C
83.33,40.21,59.24,21.99,13.07,58.98,W
65.75,77.89,61.35,60.06,49.71,67.05,C
61.05,40.5,48.13,59.64,58.55,70.15,S
85.42,54.98,33.32,70.4,75.32,79.93,C
84.39,74.13,60.57,100.0,44.3,66.2,B
89.51,67.85,75.16,61.73,97.48,59.89,B
95.14,88.42,35.79,71.87,69.14,65.9,B
46.67,44.78,74.16,75.9,65.79,87.25,C
89.18,68.09,45.55,67.7,79.74,85.11,C
87.98,37.76,49.8,20.0,84.94,71.82,W
81.46,35.49,88.02,31.72,85.49,76.77,S
72.16,59.6,47.24,86.49,70.25,55.96,C
69.24,67.57,77.96,44.7,59.24,75.35,C
88.1,37.62,70.11,47.79,63.51,100.0,S
72.05,80.09,74.38,32.04,33.09,87.31,C
58.75,31.72,80.52,35.57,54.55,100.0,S
50.1,39.87,50.81,52.71,52.13,57.62,W
97.65,70.26,71.7,54.98,75.79,88.99,B
60.06,70.3,73.92,91.99,100.0,76.05,B
92.08,20.0,91.05,42.03,65.18,81.62,S
72.7,68.93,91.75,49.55,48.26,100.0,C
82.9,100.0,77.27,28.88,82.91,60.24,B
75.11,63.49,27.65,40.12,100.0,78.58,S
72.37,100.0,52.08,55.99,89.82,68.99,B
63.8,20.0,41.27,37.19,73.17,65.84,W
100.0,43.85,88.01,62.83,86.14,86.19,B
41.73,64.77,54.76,33.07,79.19,100.0,S
34.9,54.31,35.08,59.58,63.49,65.91,S
85.34,97.72,100.0,41.73,33.58,83.39,B
99.16,81.27,92.13,53.04,57.81,76.73,B
70.04,78.26,79.4,81.06,80.21,78.69,B
86.92,25.74,64.21,59.15,74.26,73.69,S
81.48,53.51,82.59,68.42,73.01,64.54,C
87.23,69.13,44.89,56.75,82.58,83.27,C
82.31,66.85,80.52,85.23,84.75,66.19,B
59.13,54.12,99.07,64.2,100.0,73.2,B
71.12,63.52,58.16,40.98,47.02,82.52,S
90.82,100.0,51.33,50.24,54.58,91.89,B
87.22,47.46,41.96,78.96,77.66,86.38,C
61.76,27.45,42.5,73.13,100.0,68.56,S
100.0,81.6,32.14,62.71,87.28,38.62,C
84.67,88.45,67.98,56.64,66.54,71.53,B
57.36,51.25,51.67,60.5,58.86,61.96,S
86.4,72.41,49.22,69.14,60.94,75.95,C
89.63,52.93,36.55,54.81,42.73,70.84,S
70.79,20.0,70.61,53.98,93.64,78.23,S
86.03,88.8,57.37,57.98,38.53,93.59,C
72.81,44.89,74.79,20.0,61.41,88.62,S
68.43,50.64,51.68,20.0,84.31,73.16,S
70.92,59.63,60.28,72.38,68.96,54.58,C
83.63,74.97,64.11,81.66,70.61,91.67,B
96.11,76.65,45.04,55.12,94.78,52.54,C
69.12,58.14,42.7,77.2,77.54,64.33,C
84.08,61.83,42.2,42.32,78.72,89.09,S
67.7,75.89,91.64,30.3,77.11,87.46,C
73.57,89.77,100.0,65.55,65.33,89.65,A
87.63,20.0,59.95,49.32,77.93,72.1,S
73.72,47.74,74.69,94.41,53.05,54.04,C
75.3,64.43,83.42,30.96,59.24,42.78,S
95.62,70.01,50.73,28.91,45.39,81.21,S
58.39,67.08,100.0,50.35,50.77,80.73,C
56.61,99.4,88.07,54.39,52.05,68.61,B
70.57,72.67,80.79,35.2,90.22,84.27,C
67.38,43.27,62.32,34.69,90.47,58.14,S
83.22,63.39,48.79,55.74,91.6,57.12,C
68.82,49.97,59.23,42.94,34.64,59.17,S
99.57,69.93,64.25,51.78,68.97,68.55,C
82.9,67.02,36.57,63.58,20.83,81.21,S
53.86,63.08,36.11,58.06,81.57,97.54,S
51.88,84.51,62.62,48.09,85.2,71.46,C
85.76,45.15,47.34,78.76,99.71,74.47,C
33.19,61.02,60.65,52.88,76.73,67.85,S
87.58,41.67,84.74,92.1,51.74,61.3,B
81.16,41.26,50.15,82.26,84.75,100.0,C
77.56,52.78,61.02,54.69,67.27,74.64,C
61.02,70.64,31.83,42.23,67.62,41.11,S
86.53,23.94,73.39,29.56,61.9,82.79,S
100.0,67.33,20.35,78.98,65.36,76.05,C
83.37,20.49,60.13,48.99,94.44,85.91,S
50.59,90.25,68.99,23.96,71.12,90.52,C
56.79,92.55,29.75,40.59,51.14,95.65,S
67.63,41.74,68.9,72.55,83.35,70.93,C
78.82,52.0,93.5,83.17,91.66,86.91,B
82.8,40.11,72.67,60.51,95.27,87.11,C
83.26,31.32,58.22,45.73,75.05,68.77,S
70.86,74.18,51.36,60.68,39.61,62.51,C
84.84,40.4,84.91,79.44,64.64,100.0,B
93.65,46.01,74.92,59.45,54.47,58.95,C
89.92,53.04,57.96,37.74,55.04,73.1,S
80.82,20.0,60.34,41.59,98.05,100.0,S
69.61,30.56,62.34,53.48,100.0,100.0,S
87.98,53.27,73.56,63.83,74.83,51.63,C
90.93,67.16,57.98,44.8,54.13,79.76,C
48.76,80.79,38.92,20.0,100.0,62.13,S
64.17,87.69,97.09,24.27,50.88,61.76,C
89.02,97.78,38.39,89.12,55.82,80.04,B
55.93,62.56,57.78,51.07,77.7,59.89,S
61.74,73.76,86.84,57.5,80.07,86.37,B
87.46,45.93,44.46,42.82,100.0,82.62,S
81.95,72.32,33.58,100.0,79.58,85.85,B
48.52,80.59,52.88,28.9,50.92,56.03,S
55.77,66.21,52.26,65.35,100.0,73.06,C
41.33,60.16,83.87,56.11,100.0,81.79,C
47.43,67.19,65.94,81.77,100.0,88.62,B
81.61,78.52,56.64,25.82,70.83,80.48,C
56.95,91.53,80.11,27.82,97.32,70.38,C
63.32,86.59,58.98,99.78,52.94,49.03,B
70.79,80.78,41.46,28.74,74.58,53.04,S
79.6,58.19,69.89,27.56,95.96,72.25,C
86.45,84.2,36.85,77.41,41.5,54.45,C
100.0,87.24,100.0,49.86,72.05,82.91,A
74.82,50.08,42.08,62.7,48.66,58.58,S
80.9,63.1,78.74,48.65,58.37,81.35,C
62.82,51.84,47.63,53.39,100.0,54.35,S
94.43,79.76,91.34,100.0,98.63,88.89,A
55.31,41.28,67.2,20.64,82.31,42.98,W
92.28,58.57,62.53,41.54,32.03,93.52,S
95.04,57.97,73.24,49.4,75.77,86.39,C
83.33,91.82,70.38,58.62,54.77,67.82,B
87.15,34.96,82.12,51.81,53.63,58.52,S
85.12,64.71,91.78,30.21,58.44,73.62,C
63.72,65.12,66.39,68.66,100.0,55.45,C
80.07,52.06,68.6,67.49,50.26,61.48,C
82.67,65.47,55.61,72.48,84.63,67.06,C
62.22,39.76,60.67,26.69,71.99,93.25,W
69.7,54.28,99.96,91.21,54.71,77.09,B
79.93,69.07,96.29,59.92,74.74,85.33,B
92.85,83.74,70.76,23.71,60.24,87.29,C
78.76,81.52,97.74,32.11,92.76,70.04,B
89.03,64.18,100.0,60.86,57.19,81.3,B
79.86,87.76,68.96,100.0,67.77,73.51,A
65.94,66.71,64.62,64.19,71.34,65.85,C
61.78,57.5,82.83,87.85,68.46,60.88,B
73.78,100.0,79.98,70.12,89.25,98.11,A
57.71,57.16,49.43,70.92,73.2,86.34,C
67.4,92.44,58.61,73.28,93.91,91.73,B
80.41,81.39,94.83,69.3,55.41,83.75,B
74.44,20.0,69.24,60.57,93.13,63.75,S
52.41,68.37,67.6,60.06,70.41,58.97,C
72.92,58.03,81.45,66.35,64.44,100.0,C
70.97,76.16,56.66,93.89,71.74,76.75,B
72.9,68.93,83.99,76.61,70.56,100.0,B
88.09,56.24,32.39,48.87,78.27,83.96,S
95.39,43.11,51.22,32.09,43.22,65.58,S
80.5,80.43,41.03,40.2,34.4,78.22,S
64.02,98.26,68.2,54.23,57.18,52.58,C
54.48,52.56,46.02,36.02,77.54,82.71,S
68.12,100.0,25.07,59.28,65.63,66.74,C
64.54,64.86,55.49,49.38,44.03,50.73,S
70.67,56.96,56.06,55.61,59.55,71.81,S
62.2,95.48,44.01,49.84,55.52,63.89,C
75.37,62.96,50.81,51.76,55.6,81.03,S
100.0,47.5,67.88,58.99,83.37,85.45,C
78.08,64.2,51.31,41.17,68.06,55.73,S
66.09,87.14,61.97,77.64,99.39,72.34,B
78.11,58.96,43.75,37.03,86.86,78.13,S
100.0,84.44,45.38,76.49,63.9,93.25,B
67.7,43.95,44.08,41.62,53.19,66.41,W
87.85,100.0,33.4,85.8,60.45,80.22,B
50.19,75.48,20.0,64.91,75.15,77.87,S
63.98,75.99,67.82,53.38,83.44,73.57,C
82.93,62.48,64.33,70.64,62.04,56.49,C
79.14,88.79,65.98,65.0,69.16,86.09,B
72.21,55.92,82.11,46.33,87.79,91.59,C
83.5,40.02,60.54,53.56,60.08,77.14,S
86.54,55.83,56.57,52.7,93.28,71.14,C
56.48,33.53,67.25,41.27,83.37,55.03,S
66.92,38.39,68.69,72.27,76.77,58.71,C
63.81,69.69,26.25,52.7,100.0,72.3,S
52.67,52.85,47.39,100.0,100.0,85.96,C
69.85,89.01,37.33,81.68,88.56,72.73,B
92.09,56.06,34.7,79.52,68.3,84.03,C
100.0,50.55,57.13,92.53,83.37,64.5,B
60.67,54.44,45.23,63.22,71.57,79.19,S
62.39,63.58,20.0,61.19,93.51,53.63,S
82.25,52.78,76.05,61.49,78.09,75.97,C
94.92,71.95,45.89,60.17,62.62,77.44,C
68.7,51.46,63.99,59.23,91.28,68.78,C
45.29,57.72,27.47,67.14,36.52,60.17,S
69.56,95.88,38.54,58.27,81.6,97.26,C
86.67,86.88,77.29,31.4,77.19,87.73,B
60.65,53.4,43.94,75.0,68.61,70.19,C
55.77,63.65,48.65,63.35,47.14,77.67,S
68.42,40.01,33.45,32.11,65.87,76.81,W
79.05,71.15,44.83,81.28,61.16,81.75,C
72.54,72.51,55.71,66.66,69.85,87.21,C
62.72,29.6,40.53,81.52,66.91,76.38,S
59.2,66.31,39.54,38.73,61.95,81.68,S
83.28,76.58,28.24,57.85,66.06,52.02,C
75.24,59.99,70.23,59.79,59.01,88.89,C
41.68,63.71,24.73,37.93,80.5,55.89,W
53.64,100.0,32.81,94.31,66.56,67.13,B
83.5,91.73,37.08,46.77,86.94,79.32,C
91.53,75.3,96.16,61.93,74.44,79.83,B
72.86,81.96,64.74,75.34,88.89,81.43,B
82.53,44.79,48.99,76.55,98.47,45.89,C
66.48,65.47,42.41,39.9,79.5,98.72,S
44.52,61.59,69.27,75.16,76.38,100.0,C
75.43,91.24,47.07,59.28,45.75,88.51,C
73.19,72.16,53.73,70.9,77.95,60.08,C
60.95,64.44,73.19,98.98,76.06,90.11,B
50.81,100.0,72.11,56.91,66.71,58.39,B
62.68,100.0,40.22,35.82,55.96,57.03,S
75.23,86.78,47.79,27.79,75.84,74.16,C
90.04,55.91,54.8,54.71,71.78,69.11,C
66.68,27.99,48.69,73.73,87.0,67.93,S
94.49,64.43,33.24,21.65,94.37,69.4,S
56.79,20.0,52.09,66.9,56.05,59.2,W
66.76,89.86,32.14,43.88,94.22,82.41,C
77.69,52.03,60.61,46.17,52.81,58.8,S
86.76,63.79,66.29,61.34,78.82,71.18,C
67.78,48.69,31.72,33.32,62.69,50.95,W
54.27,85.84,64.48,48.06,100.0,50.28,C
89.63,62.77,75.7,60.4,32.56,76.43,C
80.03,21.16,98.88,64.85,83.44,57.52,C
85.36,86.79,65.07,57.79,52.13,71.76,B
67.32,76.44,43.0,70.42,53.22,71.06,C
84.24,50.92,73.01,70.17,64.58,92.43,C
76.17,87.05,95.87,52.69,82.9,65.44,B
59.51,61.09,32.75,37.37,81.83,67.3,S
85.66,70.99,97.02,69.54,92.28,81.03,A
79.67,88.29,73.38,62.62,74.11,83.07,B
64.93,50.72,88.51,99.02,51.42,64.97,B
92.14,75.67,73.53,77.73,65.19,79.95,B
78.78,47.83,66.3,85.23,63.32,77.29,C
78.1,59.31,73.54,43.04,96.65,84.39,C
60.95,98.96,63.36,42.1,92.09,82.42,B
48.42,54.49,65.58,20.0,71.7,77.37,S
57.25,70.41,60.15,31.79,88.39,87.57,S
70.65,61.03,74.53,53.59,31.38,82.3,C
62.8,57.2,89.16,55.05,70.03,82.65,C
82.58,46.62,58.79,58.8,75.44,79.34,C
100.0,41.48,79.6,84.03,79.86,65.25,B
99.97,21.16,46.33,83.78,62.6,98.95,C
52.32,42.76,49.37,67.18,65.56,67.64,S
96.31,95.27,51.71,20.39,26.85,78.59,C
84.84,66.26,58.58,40.3,83.1,100.0,C
41.75,63.45,40.59,25.21,47.4,80.7,W
81.07,94.21,60.18,20.0,65.24,54.2,C
56.9,76.61,63.88,70.93,62.85,86.86,C
68.8,87.33,66.89,53.45,74.24,74.73,B
98.94,69.91,59.97,52.75,86.86,85.62,B
70.89,41.89,41.96,53.95,96.98,71.25,S
66.09,29.79,90.27,70.52,85.92,89.43,C
72.53,66.69,89.77,61.95,81.75,88.06,B
84.64,62.44,59.32,75.11,85.52,92.52,B
83.27,76.93,51.08,45.21,85.61,66.39,C
74.69,92.58,84.41,64.64,64.08,73.15,B
88.01,64.27,48.83,84.75,73.63,66.34,B
82.18,84.42,39.85,53.59,65.07,81.78,C
84.48,53.97,30.14,80.7,47.6,79.07,C
73.02,68.25,93.02,100.0,37.33,89.76,B
72.66,85.96,79.15,89.01,75.7,61.66,A
88.91,67.36,55.32,47.52,90.13,99.05,C
57.07,77.44,52.55,25.72,72.95,62.5,S
51.33,49.37,39.44,43.77,43.48,69.07,W
64.3,72.51,71.87,63.72,65.29,71.06,C
62.44,48.74,74.07,20.0,68.39,70.15,S
83.99,36.5,60.25,65.55,31.91,58.89,S
73.62,75.28,63.65,70.33,48.41,51.17,C
76.27,40.41,42.69,78.51,73.78,66.48,C
64.53,77.42,64.24,31.28,31.04,100.0,S
56.66,75.55,90.21,61.25,57.99,53.61,C
53.4,72.53,89.02,49.3,58.89,85.46,C
64.71,70.49,60.84,48.99,69.69,100.0,C
84.07,86.85,41.63,82.11,82.78,52.51,B
83.1,54.73,29.08,60.86,80.78,77.27,S
73.36,58.39,100.0,31.98,87.46,75.23,C
62.18,64.03,32.14,44.9,69.06,51.73,S
82.6,45.72,30.97,34.23,100.0,45.33,S
81.54,49.97,53.0,71.29,81.1,64.79,C
54.63,77.44,71.05,51.73,78.84,68.31,C
62.59,65.08,70.38,64.8,80.18,63.59,C
98.73,58.15,57.62,28.99,66.12,82.98,S
86.44,96.24,70.4,64.09,61.07,65.07,B
89.55,84.02,38.46,73.91,83.01,58.29,B
83.11,44.01,20.0,54.48,75.16,73.27,S
100.0,72.58,62.94,67.45,61.17,88.94,B
80.42,71.3,47.52,23.58,59.97,79.24,S
68.33,70.83,55.35,67.47,50.46,77.89,C
65.39,34.23,56.7,91.8,40.83,76.79,C
86.96,100.0,50.14,44.1,46.67,92.11,C
61.99,57.59,23.02,77.45,93.17,87.69,C
50.92,77.14,26.55,59.28,74.1,79.65,S
83.02,64.84,20.75,69.77,71.95,61.46,C
51.46,95.8,84.63,73.53,56.47,37.25,B
86.47,72.33,52.51,82.75,86.96,77.64,B
75.53,66.02,73.6,39.14,78.52,61.19,C
95.05,75.64,46.24,59.77,52.92,97.56,C
99.34,78.92,91.13,61.34,85.27,93.37,A
74.91,66.42,78.67,72.22,54.89,42.2,C
72.37,23.06,40.18,38.77,58.63,87.31,W
90.57,75.17,72.65,72.43,20.06,75.15,B
48.05,75.18,20.0,54.03,80.96,58.23,S
89.43,75.13,67.62,73.36,62.82,77.28,B
75.15,64.75,46.56,30.66,63.26,69.12,S
63.95,82.04,36.56,54.23,93.33,88.64,C
93.24,53.18,75.69,34.61,64.48,72.27,C
66.36,57.76,50.13,36.39,87.13,72.26,S
78.02,68.28,61.09,60.04,63.89,96.28,C
86.41,65.37,51.06,55.39,78.35,97.5,C
54.4,78.2,82.53,25.29,66.38,59.03,C
81.46,57.83,57.4,48.96,84.4,78.44,C
78.46,68.21,71.45,52.24,100.0,56.48,C
49.11,28.83,20.0,72.81,81.03,93.12,W
59.15,79.91,61.14,61.66,82.51,63.66,C
100.0,91.64,49.37,34.0,68.24,77.73,C
90.98,41.63,65.71,24.36,78.73,73.39,S
100.0,34.08,87.41,20.52,43.46,49.84,S
78.76,41.53,33.03,62.46,79.04,75.6,S
72.57,100.0,62.92,75.73,72.86,58.53,B
83.25,51.88,58.18,64.72,31.17,50.86,S
88.64,51.73,47.67,61.66,62.29,81.26,C
74.23,68.97,45.96,62.26,92.1,66.48,C
88.73,63.97,74.69,60.83,69.33,80.25,B
93.2,69.72,69.57,49.89,100.0,84.61,B
76.17,62.55,79.56,44.66,34.34,76.09,C
92.85,96.83,57.85,58.96,80.39,71.03,B
82.75,63.29,80.23,73.91,86.2,71.92,B
100.0,74.68,64.95,41.26,68.06,76.72,C
63.18,59.15,56.68,59.23,34.75,72.97,S
69.34,64.58,80.71,100.0,83.57,56.48,B
69.82,76.92,69.67,79.72,68.05,69.55,B
100.0,66.17,39.67,90.45,40.08,30.0,C
86.54,83.21,68.28,29.35,68.82,70.83,C
66.94,93.24,39.07,64.95,93.88,80.72,B
93.62,76.27,68.59,66.07,82.27,69.22,B
55.47,84.08,83.23,63.54,59.03,51.63,B
76.29,38.02,30.22,57.54,54.72,80.18,S
72.61,52.87,25.9,39.24,53.68,56.62,W
70.06,42.05,56.73,63.29,53.48,81.38,S
54.58,42.76,57.74,73.11,87.35,99.19,C
69.35,62.45,39.35,30.42,74.57,63.36,S
93.49,35.75,69.73,35.87,53.59,83.09,S
64.86,54.68,43.76,97.27,57.65,75.77,C
71.97,69.43,47.71,53.58,77.88,62.05,C
91.34,88.71,72.13,59.54,10.19,81.36,B
69.13,60.07,22.05,68.86,41.03,76.78,S
88.57,55.61,84.32,41.57,82.01,55.43,C
90.47,82.52,69.37,49.35,41.96,69.14,C
91.65,67.6,28.94,33.26,95.06,82.32,S
56.49,29.68,47.5,20.0,66.88,100.0,W
51.05,61.28,86.24,74.48,67.03,72.8,C
57.66,59.65,64.87,82.31,57.6,72.15,C
60.76,69.51,75.68,71.85,46.6,77.2,C
64.84,85.22,56.77,24.57,65.6,81.88,S
78.66,54.76,48.29,36.27,62.11,62.16,S
89.55,46.98,62.45,59.19,88.91,91.34,C
85.44,72.06,39.03,34.48,53.09,86.28,S
76.1,82.37,80.06,42.03,70.64,74.81,C
70.08,54.3,83.7,59.14,70.26,62.96,C
85.13,44.9,69.1,68.61,61.75,79.76,C
77.79,64.21,60.26,59.36,72.6,75.9,C
58.44,61.96,65.3,60.14,89.08,84.3,C
61.94,61.67,53.77,57.9,69.94,84.17,C
77.66,89.61,64.82,39.73,60.65,84.06,C
50.79,38.08,60.21,78.92,96.14,71.74,C
90.91,66.45,29.37,57.82,57.62,88.77,C
74.61,39.44,30.01,57.54,21.6,67.23,W
78.47,43.86,79.88,84.2,49.67,70.53,C
89.92,64.97,32.11,54.85,52.94,91.62,S
84.09,58.72,62.84,29.22,54.92,98.3,S
75.8,83.6,64.64,86.91,30.02,72.18,B
99.67,84.12,86.51,57.85,59.26,59.59,B
58.55,81.14,70.26,56.54,80.16,77.14,C
89.43,84.05,38.68,64.02,36.62,77.0,C
84.06,38.73,51.67,58.21,74.68,70.82,S
57.42,63.92,26.96,52.88,61.17,72.99,S
66.61,34.85,52.67,78.48,95.23,100.0,C
100.0,41.06,51.83,57.5,68.29,76.04,C
100.0,43.36,45.73,94.16,57.68,80.9,C
90.52,74.73,63.84,78.65,52.14,67.55,B
83.03,23.61,88.33,64.67,73.06,50.54,C
55.7,57.03,76.15,20.0,85.77,69.6,S
71.65,70.07,65.39,42.33,82.5,40.21,C
68.24,68.07,53.1,20.0,85.16,56.27,S
73.99,68.06,60.4,83.72,68.93,81.41,B
74.16,77.26,87.87,61.03,85.64,96.83,B
95.36,57.29,80.73,63.47,92.34,83.53,B
79.14,73.68,65.1,64.48,66.82,71.22,C
100.0,74.55,48.53,51.9,91.13,63.96,C
52.77,36.83,25.42,29.43,46.38,95.78,W
74.31,57.73,31.13,54.85,35.25,69.46,S
100.0,78.28,55.8,73.36,59.57,62.99,B
100.0,42.15,52.92,64.73,51.28,84.76,C
70.4,78.28,71.72,52.65,100.0,65.02,B
95.23,88.5,95.42,61.83,54.23,100.0,A
69.98,48.73,56.2,36.4,80.52,65.91,S
70.69,84.36,72.47,58.34,73.42,75.18,B
68.53,64.95,69.82,55.22,78.4,62.45,C
65.94,50.31,48.7,86.32,84.52,58.85,C
81.56,57.19,46.35,25.31,89.44,54.54,S
74.22,46.07,75.52,50.64,67.31,73.49,C
79.54,65.26,59.13,46.6,38.51,58.22,S
85.78,58.88,46.72,27.07,35.61,64.45,S
88.32,53.86,68.01,44.73,82.78,69.72,C
56.52,59.62,96.68,97.38,79.73,72.94,B
79.56,71.34,59.2,67.7,74.16,70.26,C
57.07,55.8,75.99,57.31,76.01,70.75,C
59.11,60.23,39.55,34.1,94.11,68.7,S
63.88,97.36,76.3,49.83,78.55,71.46,B
64.61,74.49,53.51,59.66,90.43,88.67,C
66.75,74.72,37.44,67.91,72.97,80.68,C
70.54,100.0,41.97,79.37,49.37,82.57,B
83.64,66.1,50.09,61.1,75.34,100.0,C
61.91,53.88,65.69,52.37,68.0,91.06,C
32.7,53.04,25.15,31.69,100.0,83.97,W
89.27,63.39,75.17,20.0,90.77,62.7,C
67.03,75.1,66.33,59.86,42.74,76.5,C
89.41,54.35,86.3,38.8,70.13,98.03,C
64.78,86.08,99.49,61.76,59.46,63.41,B
94.57,90.53,88.99,57.28,90.76,74.27,A
61.75,87.48,92.68,35.55,49.21,75.6,C
89.34,42.32,64.54,45.01,84.02,63.03,S
86.58,61.84,41.26,59.4,31.24,66.61,S
80.06,29.56,20.0,20.0,96.54,73.85,W
67.01,83.9,51.91,63.91,70.52,67.94,C
79.41,80.47,56.3,47.87,63.15,40.53,C
79.25,40.82,72.59,56.01,72.1,85.5,C
61.1,72.38,65.35,53.93,51.44,83.93,C
85.55,67.27,38.59,46.4,68.79,85.33,C
51.25,53.72,51.95,56.17,43.97,71.74,S
70.34,44.25,57.64,46.09,79.91,61.72,S
76.35,48.83,48.0,64.54,74.69,68.74,C
70.96,35.93,88.06,73.12,83.03,51.07,C
66.07,58.31,21.38,77.58,99.08,100.0,C
59.31,67.35,86.46,52.42,58.66,47.01,C
91.99,64.61,45.41,64.24,73.06,77.52,C
71.74,97.45,57.33,93.63,81.28,80.27,A
73.3,84.48,62.26,37.49,50.69,81.34,C
61.39,63.76,81.14,64.69,55.56,96.15,C
83.22,85.36,20.0,65.28,86.84,100.0,C
53.04,89.12,92.89,20.0,79.57,84.26,C
70.09,55.2,73.36,44.47,65.66,87.19,C
100.0,75.76,62.67,46.64,49.79,91.64,C
72.7,88.01,53.41,43.72,78.42,73.85,C
56.92,100.0,47.46,78.41,86.84,56.11,B
59.96,58.97,42.69,95.98,66.0,88.35,C
82.7,70.28,60.81,85.22,53.5,100.0,B
55.69,80.63,31.9,51.05,71.87,67.7,S
72.27,37.26,40.25,68.96,70.59,64.64,S
94.86,40.6,52.77,46.88,82.3,75.72,S
73.38,28.12,77.3,53.21,72.31,63.77,S
61.41,94.99,24.54,34.81,99.61,84.61,C
70.12,89.93,68.94,63.12,74.51,81.98,B
82.59,100.0,56.1,54.39,45.26,74.22,B
100.0,84.69,49.13,58.66,44.07,60.46,C
77.24,55.11,39.11,68.78,68.35,51.49,S
43.87,53.6,28.23,20.0,92.58,73.53,W
71.02,61.23,37.24,67.04,67.39,63.64,C
65.89,40.45,51.88,52.73,61.35,75.83,S
73.82,69.62,78.86,71.05,89.09,62.28,B
67.37,78.07,73.43,43.07,82.23,60.85,C
82.22,64.47,32.31,48.45,100.0,78.04,C
100.0,36.12,75.01,20.0,70.0,84.47,S
87.57,49.01,80.78,46.26,66.72,68.5,C
57.95,96.39,60.96,81.92,90.89,60.48,B
93.24,75.07,39.18,67.87,49.54,99.1,C
87.21,63.58,85.3,23.2,55.01,71.21,C
100.0,43.59,25.85,26.22,88.12,66.09,W
72.61,80.26,56.84,62.49,80.7,68.54,C
72.51,69.84,77.36,40.57,10.0,85.19,S
88.92,69.0,65.37,45.59,80.0,87.8,C
75.85,100.0,28.73,61.59,46.51,88.2,C
51.28,38.32,47.34,63.85,58.09,66.22,S
72.29,60.16,89.75,73.09,63.51,100.0,B
82.37,45.62,65.13,69.78,56.25,59.21,C
76.3,57.8,89.58,74.31,57.18,81.39,B
94.01,37.12,39.54,57.75,70.71,74.22,S
70.34,58.48,67.69,82.95,60.38,100.0,B
100.0,91.59,72.45,100.0,64.2,62.51,A
67.11,44.94,62.44,64.6,74.02,74.81,C
77.0,99.73,72.4,78.3,73.82,50.77,A
47.79,100.0,49.36,44.43,74.91,83.26,C
85.15,100.0,90.01,40.16,89.37,69.24,B
72.94,43.12,26.14,57.31,50.88,88.92,S
70.78,71.17,87.35,25.32,55.51,77.71,C
79.69,87.07,77.34,60.13,76.07,79.97,B
52.95,61.87,64.97,68.09,51.51,55.97,C
71.48,100.0,43.62,83.83,100.0,75.68,B
64.8,75.26,63.9,39.1,56.82,81.8,C
89.0,58.54,58.62,72.71,66.55,70.51,C
63.67,49.55,100.0,53.68,97.3,100.0,B
72.25,72.37,62.05,22.53,38.96,75.73,S
68.63,100.0,55.27,100.0,60.47,100.0,A
82.6,76.27,49.76,70.69,100.0,72.83,B
69.91,60.06,92.4,76.82,98.95,79.7,B
75.59,73.48,81.4,52.56,97.37,80.49,B
38.91,82.67,34.55,76.9,88.03,79.95,C
83.16,86.98,50.09,75.46,93.26,100.0,B
58.41,73.17,40.77,35.91,77.18,76.16,S
92.18,58.08,57.32,62.65,52.76,64.15,C
91.74,54.02,83.65,71.36,39.05,82.96,C
82.84,73.46,57.16,37.32,96.92,73.48,C
61.75,74.15,45.14,37.12,62.49,65.02,S
61.32,81.13,57.72,85.55,52.91,49.09,B
77.23,100.0,70.62,100.0,76.64,78.53,A
42.67,73.56,63.37,49.04,67.26,73.98,C
72.3,100.0,52.58,61.72,61.92,86.75,B
77.65,59.4,21.48,63.35,63.81,74.09,S
57.26,93.67,77.13,89.48,92.94,83.88,A
57.87,100.0,41.45,52.1,84.14,86.35,C
83.58,56.99,47.86,100.0,69.21,72.57,B
64.3,69.89,63.96,57.64,77.63,100.0,C
66.07,65.86,47.04,64.48,58.63,67.12,C
53.11,66.96,68.6,98.93,79.39,68.25,B
54.6,40.57,34.09,99.32,75.76,66.26,C
60.6,47.88,47.81,86.96,69.4,53.29,C
100.0,42.2,48.18,86.82,78.3,67.95,C
56.53,45.67,41.87,58.15,73.82,72.77,S
74.41,43.99,65.86,86.17,66.74,72.27,C
76.25,87.36,42.11,89.92,78.42,75.43,B
93.2,41.36,70.44,67.47,51.29,81.91,C
79.25,61.43,77.26,45.42,75.41,73.02,C
65.78,75.06,55.85,25.59,33.98,86.84,S
56.69,70.59,61.1,49.89,100.0,77.7,C
86.33,70.7,55.37,57.58,99.17,91.32,B
100.0,69.43,42.46,48.31,46.24,86.51,C
66.21,20.0,100.0,45.45,58.47,100.0,S
56.88,87.73,48.25,28.88,100.0,88.85,C
88.8,72.35,71.98,30.89,72.23,61.07,C
54.17,73.22,83.16,49.57,65.76,57.93,C
75.11,80.2,75.83,69.99,57.63,65.25,B
86.93,81.24,56.56,48.62,93.34,69.6,C
86.19,62.26,39.05,93.47,72.4,64.34,B
54.14,39.2,52.54,100.0,58.31,96.71,C
73.04,41.38,50.54,29.82,52.88,61.71,W
46.44,95.26,64.22,42.9,74.44,62.47,C
34.93,100.0,63.79,45.04,31.32,52.59,C
99.82,95.04,75.06,33.47,100.0,81.75,B
84.82,73.92,29.86,31.64,59.8,84.65,S
54.29,61.49,56.47,75.44,83.49,59.85,C
96.7,41.74,81.84,45.9,73.28,78.39,C
77.97,78.49,67.83,75.24,79.29,56.03,B
79.05,53.72,37.81,51.62,73.66,78.75,S
90.84,91.15,66.73,69.38,71.91,86.51,B
82.3,63.91,100.0,45.98,99.09,54.69,B
87.2,93.73,21.86,61.06,84.31,78.78,C
80.67,67.72,38.12,100.0,59.93,81.51,B
65.3,20.0,41.51,26.15,91.83,65.9,W
67.29,43.71,61.88,42.24,89.85,79.53,S
66.42,82.0,60.16,58.47,40.75,73.93,C
79.82,91.67,44.96,100.0,81.14,52.21,B
62.32,93.42,84.86,58.4,73.0,57.53,B
94.82,45.24,76.89,87.74,70.96,89.51,B
100.0,70.36,56.49,56.53,55.14,63.52,C
81.64,61.72,66.55,25.22,68.15,90.45,S
58.22,65.33,22.91,29.28,86.15,70.36,W
100.0,73.65,70.61,34.32,62.3,64.01,C
59.02,78.28,77.29,66.78,53.44,79.96,C
46.31,91.46,34.04,33.35,72.31,78.06,S
73.91,42.8,82.67,20.91,40.33,73.4,S
56.04,89.45,36.44,92.25,90.7,93.53,B
100.0,66.62,39.74,55.73,58.67,64.36,C
77.26,58.77,44.96,52.6,80.98,89.35,C
50.96,58.94,57.17,31.98,67.61,77.22,S
82.78,66.54,42.38,100.0,86.58,83.29,B
90.07,69.89,85.73,59.25,70.03,84.53,B
98.65,95.24,71.86,69.37,83.92,89.78,A
94.48,60.27,86.36,65.55,83.02,95.73,B
86.21,83.32,52.21,90.96,83.91,76.89,B
91.52,100.0,36.62,40.32,100.0,81.4,B
77.86,62.69,84.17,100.0,56.7,73.55,B
69.74,79.66,84.45,93.66,85.33,100.0,A
66.38,48.31,89.39,60.7,42.48,70.26,C
78.83,52.08,39.71,53.43,48.71,84.53,S
45.84,66.81,70.39,56.01,91.86,54.44,C
64.48,58.4,74.25,62.81,100.0,62.91,C
54.08,100.0,31.38,73.03,50.43,43.96,C
69.38,82.99,35.56,70.67,85.26,55.92,C
71.58,96.54,73.01,52.25,78.31,64.72,B
91.71,87.27,62.42,63.08,50.02,54.72,B
69.35,63.25,81.25,78.29,73.7,92.86,B
60.85,86.55,44.19,85.27,69.73,45.03,B
85.95,81.19,50.87,49.83,66.81,46.12,C
39.53,91.03,43.52,98.82,97.41,98.51,B
65.25,32.83,38.26,48.18,22.54,67.87,W
71.97,39.11,39.19,53.15,77.13,61.64,S
79.38,67.74,60.94,43.66,43.33,100.0,C
84.45,85.11,58.33,54.39,79.81,47.48,C
58.28,49.04,50.91,38.65,76.66,76.22,S
95.89,100.0,34.74,61.24,72.91,74.79,B
58.73,46.66,64.81,37.2,73.19,71.31,S
77.12,45.93,63.15,38.62,73.21,95.09,S
78.91,71.44,76.34,27.12,100.0,59.17,C
88.19,79.94,41.96,80.2,79.96,100.0,B
77.9,62.83,49.7,20.0,63.64,70.86,S
78.93,36.54,55.22,70.68,83.51,47.1,C
85.6,60.07,56.3,20.0,99.87,77.65,S
52.03,72.5,66.89,84.9,63.81,75.18,B
65.36,76.96,44.33,38.35,68.64,56.61,S
99.03,100.0,50.93,27.49,76.73,67.77,C
92.62,49.26,70.89,60.51,56.47,78.6,C
88.18,66.74,61.95,38.8,92.88,90.67,C
68.84,62.51,88.28,33.06,82.09,66.62,C
100.0,66.27,85.21,41.25,45.03,71.49,C
78.94,54.79,75.17,53.38,28.37,83.29,C
61.76,57.77,91.06,97.0,58.49,83.67,B
66.72,59.26,47.88,20.06,71.9,79.32,S
64.93,86.76,51.28,43.98,80.53,51.86,C
88.6,56.96,79.79,86.34,82.8,62.82,B
56.24,36.32,82.06,55.03,58.02,73.02,S
91.21,80.57,68.77,72.03,73.6,79.53,B
78.32,65.0,75.07,65.95,52.39,82.93,C
78.71,77.23,57.92,75.86,68.77,85.86,B
68.15,57.25,72.04,50.7,100.0,83.5,C
75.37,81.4,50.39,78.31,87.9,93.8,B
68.39,40.55,47.8,51.8,100.0,100.0,S
80.17,65.19,53.0,76.14,100.0,100.0,B
92.07,87.47,76.65,56.96,55.27,74.69,B
81.34,35.93,56.94,39.83,90.28,66.75,S
79.92,51.0,91.95,20.58,79.52,55.84,S
67.36,69.12,65.11,63.04,73.03,65.37,C
72.54,65.63,63.91,56.56,84.59,76.4,C
78.02,57.35,38.95,61.39,94.15,81.66,C
62.74,81.29,53.3,73.72,62.62,80.3,C
67.22,55.14,28.67,69.27,77.4,81.4,S
79.13,49.75,79.32,79.84,54.24,82.98,C
88.12,55.6,54.08,69.75,39.79,58.67,C
60.15,29.07,81.7,20.0,76.86,87.18,W
70.6,51.63,64.66,58.04,90.07,35.57,C
61.22,76.23,61.01,74.54,75.24,72.98,B
70.47,100.0,90.7,68.9,71.57,83.07,A
87.4,73.38,44.97,97.26,74.92,100.0,B
77.81,60.09,87.68,64.63,72.67,56.99,B
84.9,55.13,51.04,47.21,78.78,51.97,S
71.84,84.61,35.09,61.8,57.37,68.94,C
99.83,31.99,75.31,47.49,59.45,58.33,S
86.31,61.17,53.65,60.42,66.59,44.99,C
67.64,82.91,29.87,34.02,61.46,64.12,S
74.58,43.14,52.24,56.94,82.98,93.67,S
71.08,100.0,56.32,76.24,100.0,77.09,B
54.4,66.82,47.77,51.96,100.0,56.66,C
79.51,47.45,53.85,74.39,76.36,71.62,C
65.25,71.32,94.15,38.17,100.0,92.99,B
95.54,71.17,83.42,35.81,56.64,86.49,C
79.44,62.03,20.0,48.42,46.52,82.4,S
72.13,52.43,100.0,80.84,91.12,100.0,B
87.03,49.58,42.24,79.23,28.81,73.83,C
42.43,66.98,77.08,64.15,88.76,100.0,C
72.85,100.0,64.25,78.88,57.78,99.29,B
90.63,94.43,61.09,30.38,79.21,49.54,C
69.96,68.82,100.0,65.01,72.79,74.05,B
54.87,66.72,62.06,36.69,46.27,67.78,S
75.97,55.85,38.98,64.36,80.78,76.82,C
66.56,76.9,56.19,31.84,90.72,80.3,C
73.21,33.58,45.1,100.0,39.83,71.23,C
74.75,71.41,30.06,61.83,36.28,76.46,S
65.21,47.68,76.7,52.82,79.47,82.6,C
94.05,40.83,78.38,58.36,62.44,57.76,C
84.1,46.56,70.36,100.0,89.6,95.87,B
64.21,80.25,37.12,52.86,100.0,65.88,C
91.67,85.31,81.49,30.13,80.5,72.65,B
91.33,31.9,67.36,62.98,30.2,61.72,S
47.55,50.47,70.98,62.3,73.39,59.4,S
91.81,64.62,60.67,78.69,50.17,78.43,B
81.35,54.09,73.05,68.5,67.98,73.02,C
82.85,80.77,61.26,82.64,83.17,48.17,B
53.93,88.64,55.06,61.61,92.79,74.9,C
75.56,47.63,67.4,70.9,58.44,61.17,C
100.0,63.14,46.33,73.54,68.98,58.71,C
82.25,47.94,91.53,68.88,64.46,76.64,B
88.55,68.72,100.0,82.99,79.75,60.95,A
72.8,74.58,43.54,86.46,50.52,65.44,C
66.57,79.88,43.9,20.0,91.76,68.33,S
58.97,49.9,94.34,43.55,67.53,68.3,C
56.51,50.15,33.98,79.03,72.02,100.0,S
64.37,47.82,90.68,81.28,77.7,58.29,B
100.0,63.56,51.39,83.15,69.55,57.51,B
75.6,49.37,20.0,38.6,59.45,57.67,W
83.63,49.45,69.57,30.87,88.18,55.85,S
39.88,89.75,42.88,96.65,81.29,86.85,B
90.68,67.25,62.48,86.19,72.23,64.08,B
83.79,22.73,86.39,87.49,93.96,92.4,B
73.74,62.87,35.41,96.46,60.3,80.1,C
78.81,38.19,25.11,58.12,60.92,73.66,S
90.98,69.5,75.17,67.8,63.67,59.97,B
78.97,66.68,78.3,54.68,64.05,71.56,C
61.22,93.94,82.79,31.31,86.08,47.32,C
89.78,51.07,67.2,20.0,46.03,82.03,S
64.49,48.2,87.92,100.0,88.74,58.62,B
100.0,33.77,53.91,59.21,100.0,88.69,C
68.04,46.1,80.04,46.27,74.33,54.45,S
83.54,74.77,35.17,80.7,81.09,86.1,B
69.32,68.58,61.27,54.74,73.41,93.85,C
91.12,41.36,79.71,84.21,66.98,82.63,B
82.41,48.0,52.36,74.52,60.08,89.63,C
94.57,87.87,99.6,56.0,73.54,79.81,A
74.09,75.84,25.78,62.51,42.45,60.56,S
85.99,61.02,73.95,53.14,92.13,71.41,C
45.68,69.51,20.0,26.04,52.34,59.88,W
66.82,44.16,31.88,91.92,56.44,41.54,S
69.59,42.51,42.3,73.63,61.04,57.71,S
81.69,88.0,70.74,20.0,47.7,75.71,C
71.34,58.45,40.34,27.08,100.0,75.41,S
84.63,65.13,60.93,56.63,47.59,52.28,C
80.79,68.76,78.77,74.18,53.83,91.99,B
86.48,78.82,100.0,100.0,83.8,83.48,A
91.22,53.32,48.6,72.82,52.87,83.89,C
77.35,47.88,60.52,86.71,71.65,76.3,C
79.93,74.18,53.38,65.71,49.02,63.01,C
64.93,74.4,63.2,55.04,83.82,80.68,C
70.65,44.3,43.61,25.73,72.81,62.07,W
67.57,62.45,80.88,78.43,68.91,93.98,B
44.81,100.0,73.85,60.26,52.17,68.43,B
84.14,77.64,73.37,41.97,51.4,77.93,C
86.55,65.06,89.63,58.73,69.99,85.06,B
93.29,38.01,37.64,51.11,100.0,71.08,S
73.17,77.37,79.54,61.74,93.29,57.09,B
63.51,88.25,60.22,30.23,43.55,62.84,S
75.03,74.35,53.42,66.47,61.26,93.36,C
100.0,57.15,69.6,66.77,72.77,84.8,B
82.18,55.58,86.33,62.44,62.3,100.0,B
73.26,70.1,63.51,55.14,78.97,62.33,C
83.95,29.83,34.04,98.17,44.88,45.6,S
56.53,99.8,24.16,36.97,40.84,70.89,S
68.46,55.38,97.12,31.62,67.96,80.08,C
60.3,74.73,52.0,66.23,67.84,44.24,C
94.59,100.0,56.46,38.25,100.0,100.0,B
72.47,60.63,58.4,21.16,64.18,100.0,S
72.47,44.2,69.93,43.32,68.67,55.97,S
59.45,79.75,62.32,40.93,72.39,65.89,C
63.24,88.28,75.66,57.53,72.89,74.87,B
82.31,49.01,77.25,65.78,64.74,67.68,C
87.62,61.99,46.02,49.54,85.38,50.84,C
69.67,86.41,56.64,64.0,91.74,88.38,B
68.4,62.39,78.1,78.67,68.24,74.2,B
79.02,92.34,81.35,73.25,48.43,70.88,B
71.67,93.37,55.22,85.58,58.59,67.64,B
82.22,96.36,55.76,20.0,38.72,79.47,C
52.88,47.69,60.25,20.0,62.41,57.53,W
52.51,48.96,38.62,68.33,93.93,69.53,S
66.06,56.72,37.84,29.65,37.09,55.06,W
99.48,51.19,20.0,45.08,38.19,75.89,S
74.27,66.12,59.19,49.8,40.88,73.88,S
90.28,100.0,55.24,55.15,80.01,97.4,B
67.71,78.85,43.54,65.26,89.41,55.64,C
67.12,84.1,72.32,80.79,86.97,69.88,B
100.0,67.74,20.0,51.79,60.62,86.93,S
68.23,86.98,71.16,36.0,67.19,63.37,C
77.77,49.37,61.49,52.01,66.96,100.0,C
69.59,26.31,80.32,80.18,30.42,64.49,S
81.54,75.48,59.91,58.39,51.23,39.0,C
100.0,45.63,63.53,54.51,87.94,76.72,C
77.3,20.0,43.33,74.38,83.09,60.73,S
51.33,67.53,20.0,32.73,100.0,96.68,S
82.31,71.15,21.0,41.71,64.1,64.21,S
69.75,90.98,49.16,50.5,84.79,53.71,C
62.4,50.25,61.11,50.41,63.73,65.03,S
58.94,77.18,53.24,71.62,47.77,65.02,C
71.68,62.44,75.09,48.53,84.93,80.62,C
73.4,45.97,75.14,37.62,69.57,74.19,S
71.89,57.21,43.56,22.43,98.08,67.62,S
73.08,62.32,81.91,100.0,73.2,72.64,B
58.15,36.13,24.52,40.49,28.18,91.18,W
81.35,59.97,82.19,34.43,53.6,45.99,S
86.62,48.79,60.31,80.06,97.42,74.56,B
80.76,46.92,93.67,54.34,71.61,68.9,C
92.99,68.99,75.22,65.79,65.59,88.94,B
80.18,45.78,40.22,61.27,88.15,99.59,C
48.34,65.51,69.79,64.5,90.19,84.83,C
60.22,44.7,66.25,79.79,72.87,51.33,C
59.29,78.83,53.03,60.6,91.31,56.97,C
68.79,54.54,67.11,75.0,40.39,74.92,C
88.04,27.9,58.71,31.25,57.17,37.42,W
95.89,57.88,43.86,65.22,49.15,57.94,C
97.65,100.0,48.16,81.48,77.12,53.79,A
61.08,96.02,31.46,100.0,58.57,98.71,B
70.42,81.0,87.9,88.58,58.31,62.14,B
73.78,38.99,64.79,39.94,91.65,66.45,S
48.87,93.02,63.67,58.64,91.89,88.07,B
63.57,56.0,37.74,25.78,81.57,80.88,W
86.41,90.63,75.49,77.0,28.44,70.4,B
89.47,41.64,61.83,69.43,78.86,80.53,C
83.98,68.61,30.74,69.15,75.69,53.25,C
95.7,75.68,32.39,40.02,58.72,66.53,S
79.4,45.47,82.56,81.01,82.39,75.66,B
89.06,59.48,45.51,84.18,76.35,64.74,C
68.73,50.27,100.0,58.09,73.16,85.82,C
56.77,86.93,47.84,98.26,63.75,90.56,B
37.55,41.5,54.13,20.0,82.02,79.69,W
60.14,64.68,76.13,20.0,44.53,69.97,S
75.36,63.83,77.79,68.5,83.93,54.15,B
77.17,58.86,89.24,61.84,56.62,87.79,C
83.45,48.57,53.03,50.71,94.55,78.05,C
85.9,55.13,66.7,86.67,62.78,76.73,B
54.55,49.69,53.31,34.66,96.44,62.43,S
86.8,68.74,60.62,90.7,24.79,72.06,B
58.79,25.77,36.11,58.38,55.49,88.45,W
71.79,58.51,53.59,55.83,61.63,62.23,S
89.84,52.52,52.33,67.45,76.37,61.6,C
86.32,75.75,63.56,48.51,61.87,71.97,C
56.52,64.21,77.84,77.28,62.38,90.96,B
100.0,58.68,73.83,20.0,44.84,76.37,S
59.9,100.0,71.96,79.25,69.42,59.95,B
67.22,70.09,47.24,72.77,84.23,75.07,C
47.62,99.3,55.75,100.0,83.05,71.85,A
81.72,24.61,80.52,100.0,28.22,70.69,C
73.42,82.5,100.0,66.42,100.0,77.56,A
81.77,71.56,84.41,48.71,86.37,56.54,B
70.73,52.27,61.76,51.05,92.64,61.82,C
49.03,37.85,79.88,36.67,77.96,70.58,S
87.36,60.38,100.0,99.76,63.7,68.22,A
100.0,43.42,58.9,58.49,69.95,48.92,C
82.45,45.59,88.72,25.97,71.19,41.76,S
42.68,48.21,46.04,90.25,69.19,94.39,C
69.3,77.12,45.49,40.54,33.58,80.04,S
78.93,80.55,64.3,100.0,73.52,89.88,A
70.14,46.83,74.35,56.04,86.64,80.29,C
63.1,86.49,42.58,71.76,95.63,69.23,B
92.34,72.95,77.04,39.59,74.29,53.88,C
100.0,24.72,52.9,37.5,83.49,100.0,S
84.82,100.0,32.44,29.37,52.14,76.82,C
59.6,49.97,72.41,30.74,47.34,69.02,S
70.43,85.2,41.99,42.15,81.63,87.02,C
96.43,74.38,62.61,70.65,64.65,70.88,B
48.39,82.87,64.23,75.09,13.68,74.29,C
62.16,95.03,72.28,63.15,61.36,80.96,B
61.08,63.01,48.43,100.0,99.4,90.95,B
52.65,82.28,63.75,84.92,76.45,74.9,B
78.51,28.89,44.65,66.21,92.79,66.74,S
74.39,32.98,89.19,82.5,83.04,81.1,B
98.29,48.9,41.74,81.35,89.89,57.1,C
67.03,98.78,68.23,75.32,46.82,84.85,B
53.71,25.4,74.54,89.56,64.92,66.8,C
100.0,61.1,58.68,95.27,62.93,65.19,B
87.23,50.76,57.11,28.98,73.71,76.02,S
89.52,82.15,71.03,66.67,68.53,84.14,B
58.32,20.0,83.24,72.83,67.46,91.12,S
64.03,50.89,43.12,70.49,38.34,63.5,S
79.35,40.92,46.79,20.0,82.12,64.68,W
58.51,39.1,51.64,23.24,100.0,39.23,W
68.24,67.14,44.49,62.67,54.01,97.95,C
58.22,20.0,34.03,66.5,67.64,86.28,W
82.53,52.27,50.22,49.52,100.0,85.36,C
100.0,81.82,58.73,35.57,74.03,74.09,C
73.6,60.82,20.0,85.74,68.99,53.79,C
82.23,47.88,71.24,77.4,90.39,72.59,B
68.79,52.49,45.55,57.62,65.81,62.62,S
57.84,62.82,51.32,32.89,86.61,100.0,S
89.44,50.6,59.0,91.89,46.53,86.74,C
53.28,98.68,51.39,100.0,100.0,73.4,A
64.21,68.9,56.4,49.17,36.84,67.28,S
58.34,76.03,79.82,74.3,76.85,62.21,B
78.08,80.86,48.28,60.62,67.09,99.94,C
87.77,77.18,25.67,61.8,66.9,72.55,C
51.55,43.24,58.64,82.52,58.19,69.0,C
100.0,59.06,57.42,55.46,43.09,83.58,C
65.21,64.4,68.89,100.0,43.64,87.97,B
88.03,52.24,71.99,94.16,54.7,78.62,B
81.07,75.68,75.39,61.66,80.27,61.33,B
77.46,55.47,35.4,46.8,75.39,81.54,S
55.97,46.25,74.49,69.18,87.74,95.52,C
83.07,56.7,62.3,94.52,100.0,81.95,B
83.03,79.51,60.48,83.6,90.16,80.32,B
70.23,34.59,74.65,62.68,55.24,58.05,S
84.92,32.98,65.99,76.56,81.0,69.14,C
56.26,76.74,84.01,45.4,80.14,98.72,C
80.08,57.06,80.82,41.77,44.04,87.18,C
68.91,58.67,47.46,47.6,98.06,99.94,C
100.0,86.8,69.33,26.49,66.25,100.0,C
68.47,95.28,61.1,20.0,82.81,93.99,C
74.27,89.66,26.64,27.52,74.1,82.16,S
95.35,77.78,36.13,62.69,82.01,46.89,C
74.35,58.29,46.91,68.97,47.01,81.25,C
83.39,86.68,37.53,24.88,75.58,70.71,S
100.0,74.17,61.16,54.2,45.64,83.46,C
73.81,63.43,61.89,62.87,35.21,87.56,C
62.3,62.24,85.72,97.15,35.99,75.45,B
79.09,34.85,76.05,60.56,73.88,61.24,C
81.19,81.76,62.55,46.69,61.28,78.31,C
75.73,83.1,50.39,31.2,77.19,67.84,C
86.76,65.15,73.1,35.69,72.87,64.51,C
56.69,47.78,49.11,85.38,58.58,55.93,C
76.97,65.58,50.16,54.45,89.52,85.06,C
83.76,41.33,100.0,81.13,80.34,57.54,B
89.22,54.98,56.11,21.02,45.17,81.58,S
90.09,78.7,73.02,56.58,61.87,79.33,B
87.32,65.1,84.21,53.27,50.39,74.84,C
76.59,63.36,85.61,75.72,41.38,98.02,B
33.88,100.0,54.25,53.83,68.8,80.78,C
75.0,62.33,86.18,70.44,50.82,86.11,B
82.86,54.09,75.84,54.53,65.57,71.27,C
38.58,54.47,74.26,57.51,44.3,89.47,S
70.52,40.57,100.0,34.83,87.59,63.46,C
77.04,46.96,35.21,69.49,78.11,92.17,C
74.48,100.0,65.37,70.47,42.83,65.79,B
82.8,63.32,63.75,40.04,72.44,76.78,C
57.29,77.85,26.0,62.05,100.0,85.21,C
85.11,47.05,95.38,88.29,53.13,67.88,B
93.82,100.0,34.71,35.92,67.12,42.43,C
75.29,88.71,31.23,60.8,58.36,99.6,C
66.45,95.38,48.05,74.97,75.04,72.93,B
63.14,71.46,51.19,42.83,99.45,83.21,C
84.65,57.17,56.28,52.53,76.74,84.63,C
74.55,49.15,75.21,58.73,41.18,42.97,S
79.47,48.41,68.62,40.94,72.66,69.32,S
100.0,84.01,86.95,58.53,86.45,76.37,A
97.04,63.55,32.05,20.0,100.0,82.18,S
83.16,94.79,26.97,50.11,65.28,86.13,C
64.61,40.97,35.79,83.29,55.15,66.72,S
84.52,51.02,25.9,23.2,68.86,82.46,W
71.97,73.61,27.74,24.0,100.0,93.49,S
86.53,51.81,55.24,57.96,96.29,81.04,C
82.89,61.65,75.85,64.65,70.88,63.85,C
73.3,43.41,59.2,59.96,21.91,71.54,S
57.36,74.97,72.74,48.62,80.98,83.87,C
71.55,95.69,45.5,90.37,65.5,62.35,B
69.73,43.01,75.69,22.74,97.79,60.96,S
87.55,65.48,65.42,45.02,77.06,77.02,C
53.13,45.75,49.18,41.39,95.06,75.11,S
63.32,55.18,49.91,51.66,48.49,62.79,S
86.5,68.71,56.95,58.06,69.09,71.86,C
82.76,73.86,28.56,55.11,39.88,84.53,S
86.51,52.78,57.66,20.0,89.46,85.65,S
92.25,94.73,35.52,77.54,99.59,52.58,B
72.43,57.73,77.11,20.0,100.0,73.31,S
88.74,63.8,69.84,20.0,62.3,87.72,S
79.33,32.26,61.23,39.99,51.89,52.19,S
84.28,87.26,100.0,25.57,85.35,87.5,B
66.29,46.65,38.29,46.4,74.05,95.4,S
91.58,32.69,44.22,86.59,55.38,74.15,C
49.42,88.06,21.75,21.86,91.02,100.0,S
70.64,64.06,78.17,64.37,62.54,67.72,C
51.5,69.66,58.16,48.37,49.96,61.49,S
84.28,82.63,53.46,48.49,52.93,89.05,C
75.46,72.36,67.17,51.23,46.69,60.06,C
91.92,50.49,51.79,33.04,45.68,63.46,S
100.0,78.16,49.46,81.82,66.95,95.32,B
100.0,85.56,61.89,73.38,70.3,47.46,B
65.18,45.97,46.46,97.46,92.44,81.61,C
87.19,27.16,74.56,78.67,25.21,86.48,C
53.64,25.6,86.53,35.84,55.68,89.84,S
70.42,61.4,55.96,65.65,65.47,76.71,C
67.45,72.04,66.28,99.75,62.37,72.24,B
78.58,84.29,38.17,60.28,19.84,70.93,C
91.09,50.48,63.54,46.36,52.81,89.57,C
59.32,70.86,66.17,39.26,73.11,60.98,C
82.83,38.7,53.21,52.44,92.26,77.1,S
89.33,76.09,70.97,50.7,90.42,69.66,B
49.05,60.7,69.07,22.65,52.3,56.54,S
86.8,98.46,55.81,69.69,80.11,98.31,B
65.21,60.6,53.18,59.66,100.0,75.46,C
62.18,41.91,85.05,39.1,83.27,64.8,S
56.0,77.1,47.39,67.36,79.99,83.19,C
70.98,78.72,41.55,20.0,84.14,77.48,S
65.85,35.58,20.0,59.14,100.0,72.92,S
69.58,64.51,100.0,74.54,51.33,75.42,B
79.99,43.87,75.18,40.01,39.78,76.14,S
73.77,64.98,44.71,44.25,92.57,81.62,C
60.65,25.99,41.71,61.46,57.36,64.36,W
66.16,63.55,75.69,57.99,71.24,71.63,C
67.51,82.88,74.85,100.0,82.21,67.52,A
61.43,84.06,43.7,75.81,54.8,80.24,C
59.1,80.6,35.33,64.01,66.04,76.53,C
69.06,56.61,63.1,35.95,49.84,69.62,S
69.04,44.89,78.48,50.64,65.47,55.09,S
100.0,100.0,44.39,84.97,68.16,99.06,A
80.04,67.0,20.0,38.67,70.41,77.98,S
56.78,50.42,71.07,27.57,72.67,93.57,S
80.78,71.71,20.0,39.92,100.0,66.01,S
93.97,52.78,54.44,69.34,72.01,80.72,C
62.72,42.27,42.28,46.29,65.41,90.56,S
76.31,74.69,62.83,33.46,70.35,76.96,C
86.4,43.63,20.0,61.88,77.08,72.31,S
75.42,82.58,50.82,51.87,71.58,56.7,C
72.72,63.73,92.74,51.44,74.0,88.78,B
62.44,92.51,95.28,57.36,59.21,99.41,B
86.93,66.64,88.54,87.06,63.27,78.73,B
83.65,65.57,32.18,37.36,42.83,82.39,S
57.23,68.85,96.64,89.41,33.25,55.82,B
63.35,41.62,26.92,57.76,84.1,89.31,S
67.88,59.56,67.11,55.61,86.21,81.46,C
69.36,27.87,89.98,42.91,77.15,46.25,S
74.83,67.01,62.97,100.0,57.38,87.31,B
82.85,51.43,76.11,54.38,87.5,100.0,C
77.26,59.38,81.03,88.73,52.33,68.21,B
85.13,62.36,40.91,69.9,83.43,69.98,C
75.92,53.47,38.1,47.06,71.48,52.87,S
68.64,66.76,83.89,51.12,45.08,71.86,C
66.5,76.04,53.24,20.0,100.0,77.14,S
76.34,34.17,30.71,55.98,76.72,85.53,S
78.56,41.28,20.0,55.8,59.32,56.06,W
87.42,33.49,72.34,26.98,72.68,89.01,S
69.93,98.8,98.36,63.22,80.83,90.91,A
83.17,73.74,49.52,20.88,42.2,100.0,S
79.84,60.09,85.27,41.51,81.66,76.16,C
81.9,58.27,40.71,39.9,54.32,74.96,S
51.66,40.05,62.71,55.19,73.8,74.32,S
100.0,67.53,52.42,60.22,90.4,74.26,B
85.27,72.92,54.19,60.44,100.0,78.65,B
60.21,58.61,20.0,61.02,96.24,54.88,S
77.25,84.71,81.82,86.16,32.63,82.57,B
52.42,45.03,76.42,61.48,84.53,61.06,C
97.1,78.77,77.79,34.24,93.43,70.26,B
65.83,77.51,71.66,39.37,100.0,100.0,C
84.08,73.61,66.6,23.9,72.26,76.49,C
66.36,58.81,20.0,33.86,88.44,100.0,S
60.85,68.66,81.97,46.56,83.52,74.49,C
92.86,39.35,37.91,64.15,71.92,74.16,S
83.64,46.39,32.61,47.0,62.23,70.74,S
94.04,80.41,70.66,62.88,61.32,62.19,B
57.04,51.11,59.14,32.59,73.39,72.08,S
69.04,88.23,20.0,49.56,22.95,78.58,S
86.43,37.98,35.54,20.64,71.27,69.89,W
70.82,57.64,40.53,82.9,75.45,57.23,C
64.49,47.56,88.12,73.65,67.47,100.0,C
96.78,60.39,51.79,50.03,50.95,100.0,C
59.9,82.37,73.81,51.29,100.0,51.61,C
73.8,55.22,79.21,65.78,35.45,93.59,C
82.28,44.29,53.01,29.4,66.58,77.25,S
69.98,55.99,27.75,65.42,31.51,75.47,S
48.01,66.01,59.88,66.87,87.25,90.71,C
50.85,63.84,100.0,60.62,53.37,73.8,C
69.25,41.47,77.38,70.86,43.31,73.6,C
66.5,32.97,31.7,30.15,68.83,68.13,W
60.61,57.16,74.95,65.85,90.04,71.58,C
99.04,71.96,50.22,60.04,45.04,70.41,C
81.45,77.23,51.8,100.0,66.56,49.82,B
93.2,77.14,64.63,47.77,77.87,99.29,B
78.02,35.6,20.0,66.46,50.28,73.5,W
62.86,47.38,44.69,43.15,85.52,83.6,S
56.88,43.57,67.58,81.16,90.74,59.96,C
89.84,29.47,55.94,68.71,28.42,100.0,S
94.9,77.94,40.7,56.5,85.81,58.16,C
72.29,83.21,30.11,65.31,34.9,60.84,C
67.43,75.27,45.98,60.76,56.26,67.04,C
93.76,42.0,75.18,57.98,58.49,56.74,C
57.81,50.23,57.0,71.28,64.0,71.5,C
73.74,74.54,72.9,27.49,64.36,93.41,C
55.26,66.49,56.58,45.53,100.0,75.55,C
97.67,65.11,69.21,45.3,58.68,81.14,C
81.42,76.96,67.53,28.6,53.87,87.75,C
45.62,70.85,57.76,76.69,78.33,65.04,C
64.36,54.54,71.6,20.0,73.15,61.75,S
77.86,71.89,26.75,53.01,73.11,76.32,S
73.17,40.58,38.63,27.68,81.08,73.27,W
74.22,30.89,59.33,71.94,33.16,66.97,S
51.44,56.59,41.98,66.38,73.38,94.37,S
74.19,71.77,48.85,33.73,86.7,93.65,C
85.58,67.62,40.52,83.12,81.59,100.0,B
57.68,82.25,70.98,50.48,97.28,81.04,C
60.95,62.63,41.02,47.69,84.08,89.84,S
78.32,50.0,67.63,73.91,30.56,76.75,C
72.15,84.07,67.71,68.66,60.36,75.02,B
89.16,63.7,63.49,24.21,68.63,44.82,S
67.26,66.27,75.34,36.02,77.47,97.03,C
65.39,34.06,65.8,31.78,53.62,88.85,W
100.0,44.99,45.25,48.32,59.04,100.0,S
67.04,57.24,92.32,70.69,89.72,61.41,B
67.05,44.21,76.03,84.96,58.0,69.54,C
70.19,34.06,46.52,75.01,52.49,76.39,S
55.38,62.12,48.73,31.12,85.81,87.7,S
60.46,60.68,60.89,20.0,42.06,94.29,S
59.02,90.16,33.09,72.49,63.77,72.44,C
100.0,39.92,71.9,70.18,100.0,58.84,C
65.61,81.32,55.99,47.81,89.15,71.0,C
61.62,79.52,67.51,51.12,62.79,61.28,C
85.88,57.8,44.6,29.72,77.84,67.37,S
44.81,40.93,55.33,53.48,65.13,69.26,S
52.86,47.51,83.68,80.8,81.56,82.34,C
88.57,42.58,60.66,33.35,47.94,80.52,S
89.2,61.12,92.98,62.66,54.46,58.7,B
90.27,67.57,73.52,20.0,74.89,67.32,C
54.09,63.75,81.84,100.0,74.84,64.36,B
63.46,84.26,40.06,71.69,75.87,77.75,C
51.48,57.86,30.84,45.06,88.34,93.47,S
78.21,53.59,91.76,45.16,47.29,85.45,C
81.87,54.15,62.0,67.73,74.07,81.88,C
67.41,75.52,60.35,47.62,65.08,73.53,C
53.32,52.27,61.3,28.28,57.6,100.0,S
58.06,57.32,43.33,55.43,53.7,71.35,S
64.22,86.1,61.63,35.93,86.82,60.63,C
51.54,64.94,98.15,20.0,43.38,86.29,S
65.37,77.24,43.25,61.12,100.0,57.08,C
90.36,78.59,30.22,70.3,71.46,76.37,C
80.05,57.99,61.4,63.31,84.92,52.09,C
94.36,41.89,75.23,59.75,44.38,82.92,C
60.82,86.38,45.78,25.11,100.0,77.72,C
88.01,47.97,22.16,94.85,69.87,82.37,C
84.85,58.29,64.52,93.07,69.35,89.13,B
45.13,87.48,29.56,80.21,77.81,73.56,C
73.51,59.95,43.59,53.47,100.0,94.53,C
61.93,70.35,61.92,54.87,49.94,81.69,C
87.69,48.32,99.11,91.48,80.96,56.52,B
81.02,70.64,70.26,92.99,66.48,100.0,B
81.1,59.19,100.0,76.26,60.91,76.26,B
84.53,61.98,62.68,40.02,36.3,76.6,S
77.1,75.54,48.48,28.51,50.69,90.83,S
65.0,56.16,53.75,44.38,56.14,61.93,S
96.01,78.6,84.96,89.89,23.0,80.15,B
66.21,87.34,45.17,34.81,41.32,70.46,S
88.72,70.12,35.95,100.0,82.99,86.66,B
94.28,32.2,41.77,76.11,53.79,70.87,S
73.83,39.45,52.78,78.12,84.59,91.7,C
90.15,73.12,66.53,63.57,57.46,59.55,C
64.66,58.48,46.88,67.1,74.04,79.64,C
80.27,88.91,59.83,80.18,80.33,91.94,B
99.22,76.53,62.08,60.14,60.6,67.44,B
88.53,45.73,92.3,54.66,100.0,64.6,B
78.75,57.96,44.14,81.4,47.89,64.86,C
83.79,79.9,32.16,70.8,72.58,61.23,C
63.17,24.33,94.35,80.34,44.22,86.98,C
66.39,83.3,50.08,50.01,64.23,65.14,C
95.99,82.97,62.2,80.54,37.46,56.57,B
82.12,79.71,65.59,20.0,48.75,81.25,S
100.0,89.36,91.55,65.47,76.65,59.5,A
89.28,63.54,73.85,58.68,75.58,73.68,C
78.37,85.0,34.68,25.16,78.52,96.61,S
100.0,40.51,51.94,25.46,58.99,91.84,S
74.81,57.52,70.9,40.51,100.0,75.11,C
68.97,76.74,78.79,93.11,65.8,91.29,B
76.52,52.77,44.46,33.87,55.17,91.74,S
85.6,40.18,25.07,33.53,54.47,70.45,W
92.59,54.05,93.61,21.04,63.03,86.78,C
87.71,58.29,80.04,75.87,56.36,79.72,B
85.55,52.79,93.89,39.62,72.88,56.25,C
76.55,43.66,54.12,23.09,86.0,80.34,S
91.31,58.04,82.68,58.86,72.26,100.0,B
67.73,89.55,69.59,45.42,43.69,59.5,C
91.96,99.69,61.83,61.17,85.53,76.1,B
91.5,70.83,62.71,42.62,51.09,30.0,C
93.51,62.07,51.99,20.0,57.2,63.42,S
63.08,71.66,62.44,28.05,44.04,55.5,S
100.0,94.85,42.95,20.0,72.56,75.7,C
79.75,79.83,69.03,33.44,75.88,87.81,C
64.14,71.0,48.94,100.0,43.46,92.34,B
49.94,100.0,37.17,62.17,37.42,54.75,C
88.47,85.56,64.79,74.3,90.9,64.74,B
54.02,64.73,48.46,66.55,80.96,64.78,C
85.56,78.08,74.47,49.03,85.6,82.8,B
84.6,98.56,66.56,44.65,47.79,91.92,B
80.36,98.4,20.0,78.03,64.78,69.7,B
63.53,82.99,72.27,32.87,73.3,85.59,C
77.67,87.16,54.2,20.0,73.73,77.71,C
79.67,87.14,20.95,52.75,51.55,56.88,S
73.92,79.04,66.02,42.87,67.09,88.95,C
85.25,53.94,47.65,20.24,61.41,48.96,W
100.0,47.9,82.18,98.0,74.32,73.5,B
55.16,54.91,92.08,65.73,70.57,94.68,C
85.44,62.04,64.33,41.1,58.78,71.91,C
83.36,40.05,61.52,49.42,51.98,69.23,S
40.18,49.85,38.01,51.84,24.4,77.86,W
88.64,62.65,69.98,46.72,38.91,75.03,C
85.21,38.51,50.7,52.56,100.0,78.35,S
46.42,21.94,74.61,100.0,64.38,69.89,C
81.46,49.03,20.0,80.82,57.74,90.75,S
63.59,67.44,77.1,81.55,74.66,77.75,B
84.3,74.28,34.18,30.01,27.82,86.5,S
69.06,81.4,68.07,35.95,67.6,68.18,C
65.86,83.31,100.0,82.56,69.46,93.89,A
100.0,37.15,84.5,74.93,93.76,87.2,B
71.58,100.0,66.79,48.44,80.12,89.59,B
76.42,72.86,61.77,43.48,53.56,53.96,C
97.77,60.53,20.0,66.72,77.52,47.0,C
62.51,47.47,45.15,84.68,67.02,68.59,C
91.84,74.91,25.18,44.43,76.44,60.99,S
100.0,67.26,44.93,33.3,88.55,65.28,C
80.7,41.97,61.4,44.01,63.69,63.06,S
90.38,55.18,57.13,55.91,100.0,88.35,C
86.86,33.44,46.87,84.15,46.58,76.26,C
59.02,45.7,93.62,73.82,89.66,86.76,B
72.91,51.17,51.96,53.78,100.0,54.95,C
66.7,46.74,81.13,98.78,76.18,80.87,B
76.37,73.75,75.46,67.36,79.98,86.63,B
48.33,65.04,66.1,67.16,66.58,77.41,C
64.2,29.5,79.66,33.04,66.79,63.76,S
98.81,63.41,53.79,74.45,100.0,81.09,B
69.34,78.93,28.55,59.02,100.0,77.37,C
76.62,65.41,52.09,64.92,85.51,70.02,C
37.64,74.31,100.0,49.72,40.58,85.16,C
100.0,75.59,94.49,75.46,84.14,67.23,A
79.28,64.41,58.73,52.41,74.51,55.55,C
87.18,47.45,54.99,65.27,51.45,45.5,S
69.25,36.38,74.25,32.62,99.7,74.91,S
75.89,25.39,62.9,56.24,44.02,76.31,S
69.03,60.66,60.52,47.63,74.93,73.7,C
82.09,54.43,38.7,42.4,98.85,89.34,S
93.2,90.65,50.67,64.51,71.52,84.89,B
70.66,66.86,61.45,69.71,83.11,76.41,C
76.86,69.52,92.93,20.0,50.61,85.11,C
79.05,70.25,73.35,62.71,58.81,84.43,C
75.31,56.05,73.81,72.32,74.3,100.0,B
94.9,85.04,100.0,54.78,60.7,87.91,B
71.21,65.24,40.28,71.35,40.58,73.55,C
74.77,56.28,24.86,20.0,55.08,83.09,W
79.33,64.67,42.31,65.5,34.02,39.05,S
71.35,54.08,80.26,61.48,100.0,66.78,C
82.3,59.95,87.63,53.51,87.09,58.84,C
68.77,63.32,85.27,20.0,63.35,69.5,S
43.85,55.72,29.19,20.0,64.75,70.56,W
71.33,70.06,42.41,97.4,69.33,94.3,B
49.8,48.31,73.73,53.02,48.54,47.42,S
86.0,78.03,64.87,47.09,47.74,74.21,C
55.27,49.97,85.23,20.0,83.55,97.41,S
87.24,72.96,50.73,43.79,25.04,75.56,S
68.97,51.04,59.6,59.37,57.29,99.2,C
85.96,82.93,57.93,69.25,52.09,84.99,B
71.93,44.56,59.54,51.57,100.0,81.53,C
98.7,87.63,60.76,48.24,35.2,61.94,C
84.94,58.96,67.52,20.0,79.07,91.45,S
48.36,72.43,86.87,94.96,59.93,86.7,B
96.45,73.03,85.7,57.21,77.89,65.68,B
72.53,73.67,46.07,53.08,85.22,100.0,C
44.26,100.0,54.8,79.23,93.22,98.47,B
64.08,60.49,58.93,50.14,96.38,73.85,C
50.72,52.34,28.43,52.98,83.45,65.18,S
68.95,59.5,62.81,69.35,86.15,100.0,C
76.85,79.72,28.25,49.66,64.59,59.74,S
66.96,62.85,49.91,100.0,80.25,100.0,B
97.39,52.22,60.75,48.43,66.76,60.35,C
68.38,72.19,66.66,63.57,68.81,87.91,C
71.14,92.83,23.05,72.45,79.77,64.88,C
69.67,74.3,78.32,20.0,82.56,68.14,C
91.88,28.21,100.0,38.5,98.6,73.96,C
62.72,70.3,80.58,23.84,84.03,74.82,C
83.66,65.22,48.56,33.51,83.45,85.01,S
84.93,73.55,78.89,88.93,32.47,39.87,B
100.0,38.18,38.28,51.67,36.92,69.28,S
60.78,60.33,65.6,50.44,62.12,78.87,C
90.66,97.06,55.63,98.15,87.53,56.52,A
56.08,53.45,88.89,46.97,32.15,71.57,S
